,arc_hash,postcomp_best,Code Golf International,rucin93,ox jam,open source,jailctf merger,Rafael Pooja,HETHAT,duckyluuk,import itertools,ALE-Agent,JRKKX,intgrah jimboko awu macaque sammyuri,mji,cefqrn,hyacinth,cg,Team JYCDT,Bulmenisaurus,dbdr,KN,kabutack,biz,scpchicken,el_presidente,ﾀｲｽｹﾝｻﾝﾊﾞII,garrymoss,azakhtyamov,Ali,blob2822,kdmitrie,MKRC,Afordancja,Yuchen20,cg-klogw-sekken,sekken,cubbus,Ty Woods,Ravi Annaswamy,today,LogicLynx,kambarakun,ShadowPrompt Labs,THUNDER THUNDER,Krige,HIMAGINE THE FUTURE.,FuunAgent,lv1.dev,santa2024
task001,007bbfb7,58.0,58.0,61.0,58.0,61.0,60.0,61.0,61.0,61.0,58.0,61.0,61.0,60.0,61.0,77.0,105.0,61.0,61.0,74.0,71.0,71.0,61.0,61.0,74.0,74.0,61.0,,74.0,61.0,61.0,61.0,61.0,74.0,61.0,61.0,61.0,61.0,61.0,61.0,61.0,61.0,61.0,61.0,61.0,61.0,61.0,61.0,61.0,61.0
task002,00d62c1b,85.0,88.0,200.0,88.0,196.0,86.0,108.0,96.0,217.0,99.0,97.0,102.0,91.0,,171.0,,201.0,102.0,,338.0,300.0,102.0,92.0,259.0,259.0,101.0,,200.0,196.0,110.0,188.0,202.0,314.0,200.0,129.0,199.0,97.0,192.0,126.0,196.0,94.0,194.0,107.0,99.0,196.0,107.0,98.0,95.0,101.0
task003,017c7c7b,58.0,58.0,65.0,58.0,65.0,58.0,65.0,61.0,65.0,58.0,58.0,58.0,58.0,,63.0,,65.0,61.0,86.0,65.0,61.0,61.0,62.0,66.0,66.0,61.0,,66.0,61.0,61.0,58.0,61.0,66.0,61.0,65.0,65.0,61.0,65.0,65.0,65.0,61.0,61.0,61.0,65.0,65.0,61.0,58.0,58.0,58.0
task004,025d127b,73.0,79.0,194.0,73.0,192.0,74.0,194.0,,139.0,91.0,101.0,110.0,99.0,,,,195.0,108.0,,258.0,222.0,119.0,93.0,222.0,222.0,99.0,,194.0,191.0,190.0,194.0,191.0,222.0,125.0,170.0,180.0,,191.0,119.0,194.0,80.0,132.0,139.0,149.0,194.0,84.0,86.0,104.0,103.0
task005,045e512c,166.0,174.0,409.0,199.0,396.0,166.0,399.0,,346.0,253.0,235.0,279.0,257.0,,,,382.0,246.0,,,,,279.0,,437.0,242.0,,400.0,424.0,438.0,279.0,494.0,484.0,358.0,273.0,349.0,,309.0,275.0,414.0,246.0,388.0,250.0,242.0,330.0,234.0,234.0,221.0,236.0
task006,0520fde7,49.0,49.0,53.0,51.0,57.0,49.0,53.0,53.0,53.0,51.0,51.0,53.0,51.0,53.0,53.0,70.0,53.0,53.0,,57.0,70.0,53.0,53.0,71.0,71.0,51.0,,71.0,57.0,53.0,53.0,57.0,59.0,53.0,53.0,53.0,53.0,53.0,54.0,57.0,51.0,53.0,51.0,53.0,57.0,49.0,51.0,49.0,51.0
task007,05269061,62.0,62.0,142.0,63.0,104.0,62.0,98.0,72.0,84.0,64.0,68.0,72.0,63.0,,,,72.0,64.0,84.0,180.0,124.0,72.0,67.0,155.0,155.0,72.0,,155.0,126.0,104.0,72.0,118.0,108.0,72.0,72.0,97.0,,135.0,72.0,142.0,64.0,98.0,74.0,103.0,142.0,64.0,64.0,64.0,64.0
task008,05f2a901,83.0,84.0,184.0,90.0,184.0,84.0,299.0,,152.0,99.0,97.0,120.0,127.0,,,,218.0,115.0,,,394.0,,103.0,320.0,323.0,104.0,,277.0,296.0,290.0,296.0,238.0,222.0,221.0,122.0,236.0,,186.0,142.0,189.0,101.0,184.0,146.0,149.0,186.0,99.0,125.0,114.0,99.0
task009,06df4c85,95.0,95.0,281.0,109.0,263.0,108.0,229.0,126.0,147.0,116.0,112.0,123.0,107.0,,,,223.0,121.0,,,507.0,123.0,109.0,317.0,323.0,109.0,,279.0,263.0,,167.0,279.0,305.0,158.0,118.0,166.0,,207.0,216.0,263.0,108.0,226.0,240.0,119.0,263.0,116.0,113.0,112.0,113.0
task010,08ed6ac7,66.0,66.0,94.0,67.0,94.0,67.0,95.0,77.0,94.0,68.0,80.0,87.0,77.0,,,,92.0,83.0,108.0,106.0,106.0,88.0,101.0,106.0,106.0,82.0,,106.0,95.0,94.0,95.0,94.0,106.0,87.0,89.0,89.0,72.0,94.0,72.0,95.0,70.0,94.0,87.0,83.0,94.0,71.0,71.0,71.0,82.0
task011,09629e4f,113.0,120.0,201.0,114.0,189.0,121.0,204.0,155.0,155.0,127.0,122.0,133.0,133.0,,,,206.0,158.0,184.0,,309.0,,158.0,246.0,212.0,129.0,,241.0,189.0,177.0,189.0,167.0,235.0,158.0,156.0,156.0,,189.0,131.0,189.0,137.0,173.0,153.0,166.0,189.0,140.0,141.0,141.0,145.0
task012,0962bcdd,122.0,122.0,218.0,129.0,217.0,126.0,218.0,,175.0,132.0,158.0,195.0,164.0,,,,217.0,140.0,,,218.0,,138.0,218.0,218.0,133.0,,215.0,217.0,211.0,217.0,197.0,218.0,189.0,194.0,197.0,,200.0,183.0,217.0,143.0,199.0,204.0,194.0,217.0,133.0,142.0,135.0,133.0
task013,0a938d79,124.0,124.0,253.0,136.0,246.0,129.0,239.0,186.0,169.0,138.0,153.0,197.0,145.0,,,,230.0,163.0,,,1009.0,,161.0,452.0,299.0,171.0,,350.0,246.0,234.0,246.0,412.0,290.0,185.0,187.0,199.0,,246.0,205.0,246.0,136.0,212.0,211.0,172.0,246.0,150.0,139.0,163.0,175.0
task014,0b148d64,57.0,57.0,129.0,68.0,129.0,67.0,245.0,94.0,108.0,76.0,99.0,81.0,76.0,,,,124.0,77.0,160.0,213.0,255.0,94.0,96.0,253.0,251.0,74.0,,200.0,135.0,123.0,85.0,190.0,261.0,117.0,105.0,183.0,,129.0,95.0,129.0,92.0,118.0,81.0,81.0,129.0,76.0,81.0,74.0,74.0
task015,0ca9ddb6,87.0,92.0,190.0,92.0,142.0,87.0,190.0,135.0,117.0,104.0,115.0,125.0,97.0,,,,145.0,116.0,,,234.0,,117.0,218.0,219.0,114.0,,209.0,190.0,190.0,188.0,159.0,183.0,127.0,132.0,190.0,,190.0,126.0,190.0,112.0,138.0,132.0,109.0,190.0,116.0,105.0,119.0,114.0
task016,0d3d703e,43.0,43.0,48.0,43.0,55.0,43.0,49.0,46.0,49.0,43.0,44.0,46.0,46.0,56.0,47.0,,59.0,49.0,52.0,59.0,63.0,50.0,52.0,63.0,63.0,46.0,,55.0,55.0,52.0,50.0,54.0,63.0,49.0,55.0,55.0,43.0,55.0,49.0,55.0,46.0,50.0,49.0,50.0,55.0,46.0,46.0,46.0,44.0
task017,0dfd9992,89.0,90.0,228.0,102.0,256.0,99.0,187.0,165.0,149.0,114.0,126.0,198.0,147.0,,,,291.0,137.0,,,364.0,,164.0,291.0,297.0,133.0,,183.0,256.0,,256.0,253.0,216.0,155.0,158.0,173.0,,251.0,136.0,256.0,107.0,195.0,168.0,156.0,255.0,109.0,118.0,144.0,108.0
task018,0e206a2e,268.0,301.0,539.0,275.0,483.0,286.0,531.0,,519.0,338.0,322.0,385.0,389.0,,,,622.0,354.0,,,,,,,686.0,361.0,,593.0,488.0,,491.0,799.0,1288.0,455.0,339.0,392.0,,488.0,384.0,483.0,346.0,435.0,426.0,342.0,483.0,311.0,299.0,332.0,392.0
task019,10fcaaa3,103.0,103.0,250.0,104.0,229.0,105.0,179.0,141.0,130.0,121.0,139.0,141.0,116.0,,,,250.0,140.0,168.0,,279.0,,141.0,247.0,248.0,121.0,,203.0,229.0,,229.0,247.0,250.0,171.0,175.0,175.0,,229.0,168.0,229.0,121.0,177.0,174.0,140.0,225.0,119.0,121.0,134.0,128.0
task020,11852cab,121.0,138.0,310.0,139.0,265.0,135.0,289.0,,226.0,156.0,156.0,215.0,177.0,,,,299.0,168.0,,,357.0,,227.0,297.0,310.0,195.0,,297.0,265.0,,265.0,297.0,239.0,196.0,201.0,205.0,,265.0,218.0,265.0,126.0,226.0,199.0,184.0,265.0,152.0,138.0,133.0,157.0
task021,1190e5a7,51.0,52.0,77.0,51.0,79.0,52.0,79.0,74.0,76.0,58.0,67.0,76.0,55.0,,,,80.0,71.0,83.0,81.0,248.0,77.0,71.0,220.0,219.0,67.0,,79.0,79.0,76.0,79.0,220.0,79.0,77.0,76.0,79.0,62.0,79.0,67.0,79.0,51.0,79.0,79.0,75.0,79.0,52.0,54.0,54.0,71.0
task022,137eaa0f,91.0,91.0,212.0,95.0,206.0,92.0,225.0,,108.0,106.0,103.0,104.0,104.0,,,,136.0,103.0,107.0,,224.0,106.0,102.0,225.0,217.0,106.0,,225.0,206.0,,206.0,225.0,164.0,108.0,108.0,108.0,,206.0,109.0,206.0,101.0,105.0,109.0,108.0,206.0,106.0,97.0,99.0,103.0
task023,150deff5,181.0,195.0,326.0,182.0,295.0,197.0,314.0,,285.0,225.0,222.0,295.0,220.0,,,,,254.0,,,,,,,320.0,229.0,,341.0,295.0,,295.0,383.0,565.0,234.0,295.0,309.0,204.0,295.0,265.0,295.0,191.0,244.0,261.0,242.0,294.0,250.0,206.0,208.0,244.0
task024,178fcbfb,62.0,62.0,144.0,62.0,144.0,62.0,145.0,68.0,90.0,62.0,66.0,67.0,62.0,,,,70.0,69.0,111.0,162.0,151.0,67.0,62.0,156.0,156.0,65.0,,156.0,144.0,69.0,144.0,156.0,147.0,63.0,70.0,94.0,,120.0,68.0,144.0,62.0,68.0,71.0,65.0,144.0,62.0,62.0,62.0,65.0
task025,1a07d186,127.0,127.0,305.0,134.0,275.0,141.0,276.0,,230.0,177.0,138.0,219.0,192.0,,,,265.0,180.0,,,580.0,,177.0,,341.0,161.0,,269.0,275.0,,248.0,295.0,386.0,229.0,211.0,224.0,,275.0,211.0,275.0,138.0,211.0,213.0,211.0,275.0,156.0,144.0,192.0,180.0
task026,1b2d62fb,50.0,50.0,57.0,52.0,57.0,50.0,57.0,57.0,57.0,52.0,52.0,54.0,52.0,,,,58.0,55.0,73.0,57.0,59.0,57.0,55.0,59.0,59.0,52.0,,59.0,57.0,57.0,57.0,59.0,59.0,54.0,57.0,57.0,54.0,57.0,57.0,57.0,52.0,57.0,54.0,57.0,57.0,50.0,52.0,50.0,52.0
task027,1b60fb0c,97.0,97.0,315.0,103.0,316.0,105.0,399.0,,117.0,125.0,125.0,105.0,105.0,,,,258.0,124.0,,146.0,,,107.0,,366.0,121.0,,287.0,325.0,,138.0,231.0,226.0,140.0,222.0,259.0,112.0,251.0,176.0,319.0,103.0,200.0,169.0,129.0,316.0,113.0,104.0,105.0,122.0
task028,1bfc4729,63.0,63.0,132.0,66.0,139.0,63.0,139.0,81.0,99.0,78.0,78.0,80.0,63.0,,,,97.0,71.0,106.0,90.0,139.0,86.0,64.0,139.0,139.0,80.0,,132.0,139.0,85.0,139.0,138.0,135.0,74.0,79.0,84.0,,119.0,80.0,139.0,64.0,100.0,98.0,82.0,139.0,70.0,70.0,70.0,77.0
task029,1c786137,103.0,103.0,229.0,110.0,223.0,108.0,239.0,,213.0,121.0,117.0,126.0,121.0,,,,256.0,134.0,,,403.0,,108.0,,239.0,131.0,,237.0,223.0,,223.0,249.0,329.0,172.0,197.0,197.0,,205.0,174.0,223.0,141.0,177.0,192.0,132.0,194.0,117.0,113.0,142.0,159.0
task030,1caeab9d,91.0,93.0,233.0,94.0,212.0,93.0,226.0,,120.0,94.0,94.0,150.0,112.0,,,,227.0,106.0,,,240.0,,94.0,232.0,233.0,117.0,,217.0,212.0,,212.0,226.0,216.0,152.0,189.0,194.0,,212.0,170.0,212.0,116.0,193.0,168.0,121.0,212.0,93.0,116.0,116.0,94.0
task031,1cf80156,45.0,45.0,126.0,45.0,51.0,45.0,61.0,59.0,60.0,50.0,48.0,48.0,45.0,,,107.0,87.0,50.0,88.0,177.0,126.0,50.0,47.0,126.0,126.0,50.0,,126.0,126.0,51.0,48.0,126.0,126.0,51.0,50.0,67.0,50.0,54.0,50.0,126.0,50.0,50.0,50.0,48.0,126.0,50.0,48.0,48.0,50.0
task032,1e0a9b12,39.0,39.0,39.0,39.0,39.0,39.0,39.0,39.0,39.0,39.0,39.0,39.0,39.0,,,96.0,49.0,39.0,49.0,49.0,85.0,39.0,39.0,85.0,39.0,39.0,,56.0,39.0,39.0,39.0,85.0,85.0,39.0,39.0,39.0,39.0,39.0,39.0,39.0,39.0,39.0,39.0,39.0,39.0,39.0,39.0,39.0,39.0
task033,1e32b0e9,71.0,71.0,130.0,73.0,89.0,73.0,79.0,,79.0,79.0,79.0,79.0,79.0,,,101.0,86.0,79.0,79.0,,272.0,79.0,79.0,247.0,210.0,79.0,,124.0,227.0,,227.0,247.0,90.0,79.0,79.0,86.0,,134.0,79.0,224.0,77.0,83.0,79.0,79.0,85.0,79.0,77.0,77.0,79.0
task034,1f0c79e5,116.0,116.0,317.0,125.0,312.0,126.0,354.0,,236.0,127.0,184.0,234.0,140.0,,,,294.0,164.0,,,,,187.0,,312.0,134.0,,358.0,330.0,,330.0,378.0,356.0,247.0,244.0,259.0,,307.0,233.0,311.0,128.0,244.0,211.0,224.0,281.0,143.0,182.0,175.0,134.0
task035,1f642eb9,82.0,82.0,243.0,82.0,231.0,83.0,251.0,,98.0,92.0,94.0,94.0,89.0,,,,223.0,106.0,382.0,,298.0,94.0,97.0,,233.0,94.0,,251.0,231.0,,231.0,297.0,188.0,159.0,98.0,136.0,,120.0,147.0,231.0,94.0,184.0,158.0,96.0,230.0,91.0,91.0,89.0,98.0
task036,1f85a75f,75.0,75.0,196.0,82.0,196.0,75.0,284.0,,207.0,95.0,118.0,153.0,103.0,,,,222.0,109.0,168.0,,375.0,181.0,75.0,304.0,310.0,85.0,,245.0,276.0,,276.0,304.0,258.0,146.0,130.0,186.0,,169.0,133.0,196.0,112.0,151.0,186.0,117.0,196.0,95.0,109.0,81.0,122.0
task037,1f876c06,101.0,101.0,226.0,104.0,226.0,105.0,268.0,,161.0,111.0,118.0,135.0,117.0,,,,272.0,112.0,,,254.0,,,269.0,271.0,124.0,,264.0,242.0,,242.0,269.0,192.0,150.0,158.0,170.0,,222.0,154.0,237.0,109.0,182.0,142.0,131.0,218.0,112.0,115.0,117.0,104.0
task038,1fad071e,51.0,51.0,107.0,51.0,107.0,51.0,109.0,52.0,52.0,51.0,51.0,52.0,51.0,,,98.0,110.0,54.0,,52.0,133.0,52.0,51.0,133.0,133.0,51.0,,117.0,107.0,52.0,107.0,133.0,115.0,54.0,52.0,88.0,52.0,107.0,95.0,107.0,51.0,99.0,54.0,52.0,107.0,51.0,51.0,51.0,51.0
task039,2013d3e2,60.0,60.0,160.0,60.0,160.0,60.0,161.0,74.0,74.0,61.0,60.0,67.0,65.0,,,,131.0,62.0,85.0,90.0,256.0,72.0,63.0,248.0,203.0,61.0,,170.0,187.0,,225.0,248.0,134.0,90.0,65.0,87.0,,62.0,61.0,163.0,61.0,88.0,88.0,65.0,133.0,64.0,61.0,60.0,61.0
task040,2204b7a8,63.0,63.0,113.0,69.0,113.0,69.0,243.0,75.0,91.0,72.0,75.0,76.0,72.0,,,,88.0,84.0,,,272.0,76.0,75.0,249.0,245.0,75.0,,150.0,227.0,,227.0,249.0,155.0,82.0,75.0,76.0,,113.0,96.0,113.0,75.0,110.0,105.0,77.0,113.0,70.0,75.0,75.0,75.0
task041,22168020,49.0,49.0,63.0,49.0,64.0,49.0,67.0,49.0,67.0,49.0,49.0,49.0,49.0,,,,68.0,49.0,91.0,49.0,98.0,49.0,49.0,98.0,98.0,49.0,,98.0,67.0,66.0,67.0,98.0,98.0,50.0,63.0,63.0,49.0,67.0,50.0,67.0,49.0,49.0,64.0,49.0,64.0,49.0,49.0,49.0,49.0
task042,22233c11,132.0,136.0,306.0,134.0,341.0,132.0,365.0,,286.0,139.0,235.0,247.0,138.0,,,,492.0,181.0,,,,,,,405.0,146.0,,348.0,341.0,,344.0,530.0,359.0,310.0,248.0,263.0,,310.0,265.0,344.0,162.0,298.0,235.0,196.0,341.0,138.0,158.0,235.0,165.0
task043,2281f1f4,56.0,56.0,123.0,56.0,123.0,56.0,114.0,57.0,62.0,57.0,57.0,62.0,56.0,,,,80.0,61.0,97.0,75.0,130.0,62.0,57.0,155.0,154.0,58.0,,71.0,153.0,,154.0,155.0,84.0,58.0,63.0,74.0,67.0,101.0,58.0,123.0,57.0,79.0,60.0,67.0,123.0,59.0,57.0,57.0,57.0
task044,228f6490,191.0,201.0,623.0,212.0,580.0,195.0,623.0,,383.0,239.0,245.0,310.0,243.0,,,,,265.0,,,,,,,540.0,274.0,,623.0,580.0,,364.0,518.0,694.0,457.0,358.0,397.0,,347.0,416.0,580.0,286.0,443.0,318.0,276.0,580.0,223.0,262.0,290.0,253.0
task045,22eb0ac0,45.0,45.0,56.0,45.0,57.0,45.0,57.0,45.0,48.0,45.0,45.0,47.0,45.0,52.0,,55.0,59.0,47.0,50.0,48.0,137.0,48.0,47.0,137.0,137.0,45.0,,73.0,67.0,48.0,67.0,137.0,49.0,45.0,47.0,52.0,47.0,67.0,49.0,56.0,45.0,47.0,47.0,47.0,47.0,46.0,45.0,45.0,45.0
task046,234bbc79,166.0,166.0,338.0,168.0,328.0,168.0,362.0,,217.0,192.0,211.0,252.0,224.0,,,,,206.0,,,,,,,588.0,216.0,,372.0,328.0,,328.0,559.0,263.0,331.0,297.0,312.0,,328.0,269.0,328.0,175.0,255.0,276.0,240.0,266.0,181.0,191.0,192.0,208.0
task047,23581191,55.0,55.0,126.0,55.0,126.0,55.0,203.0,55.0,72.0,55.0,56.0,56.0,55.0,,,,207.0,59.0,80.0,56.0,192.0,66.0,55.0,203.0,203.0,55.0,,197.0,194.0,,194.0,203.0,164.0,56.0,78.0,78.0,59.0,112.0,69.0,128.0,56.0,58.0,79.0,78.0,126.0,56.0,56.0,55.0,58.0
task048,239be575,89.0,95.0,180.0,118.0,180.0,92.0,348.0,,131.0,128.0,137.0,180.0,132.0,,,,276.0,127.0,,,520.0,,,355.0,284.0,128.0,,296.0,180.0,,181.0,355.0,354.0,214.0,180.0,231.0,,180.0,179.0,180.0,129.0,174.0,153.0,134.0,180.0,125.0,129.0,118.0,141.0
task049,23b5c85d,81.0,81.0,187.0,81.0,187.0,81.0,186.0,97.0,101.0,87.0,87.0,86.0,86.0,,,,124.0,98.0,91.0,,324.0,86.0,82.0,312.0,302.0,86.0,,174.0,248.0,,278.0,312.0,241.0,101.0,105.0,163.0,,215.0,86.0,246.0,81.0,100.0,104.0,100.0,187.0,81.0,81.0,81.0,86.0
task050,253bf280,83.0,84.0,192.0,84.0,192.0,83.0,266.0,,101.0,100.0,102.0,100.0,96.0,,,,118.0,102.0,,,292.0,102.0,94.0,266.0,219.0,101.0,,217.0,248.0,,248.0,266.0,231.0,103.0,104.0,116.0,,159.0,136.0,248.0,90.0,139.0,142.0,97.0,156.0,92.0,90.0,91.0,100.0
task051,25d487eb,111.0,114.0,287.0,111.0,283.0,113.0,311.0,,145.0,115.0,157.0,148.0,138.0,,,,273.0,165.0,,,422.0,,121.0,328.0,325.0,121.0,,302.0,303.0,,303.0,328.0,190.0,191.0,195.0,206.0,,280.0,186.0,303.0,115.0,246.0,205.0,148.0,278.0,121.0,139.0,119.0,118.0
task052,25d8a9c8,40.0,40.0,42.0,40.0,42.0,40.0,41.0,40.0,41.0,40.0,40.0,40.0,40.0,41.0,,44.0,44.0,41.0,,49.0,54.0,40.0,40.0,54.0,53.0,40.0,,48.0,46.0,40.0,46.0,54.0,41.0,41.0,42.0,42.0,41.0,43.0,41.0,46.0,40.0,41.0,41.0,42.0,42.0,40.0,40.0,40.0,40.0
task053,25ff71a9,21.0,21.0,24.0,21.0,24.0,21.0,21.0,21.0,22.0,21.0,21.0,21.0,21.0,24.0,,25.0,24.0,22.0,,21.0,58.0,21.0,21.0,58.0,24.0,21.0,,34.0,24.0,21.0,22.0,58.0,21.0,21.0,21.0,24.0,21.0,24.0,22.0,24.0,21.0,21.0,21.0,22.0,24.0,21.0,21.0,21.0,21.0
task054,264363fd,261.0,266.0,498.0,270.0,492.0,279.0,543.0,,612.0,309.0,342.0,414.0,308.0,,,,,383.0,,,,,,,785.0,308.0,,555.0,502.0,,504.0,925.0,,393.0,342.0,352.0,353.0,489.0,384.0,504.0,277.0,425.0,415.0,367.0,496.0,298.0,302.0,335.0,316.0
task055,272f95fa,77.0,79.0,235.0,77.0,233.0,79.0,263.0,,140.0,85.0,88.0,105.0,105.0,,,,235.0,107.0,118.0,,362.0,116.0,97.0,263.0,265.0,111.0,,217.0,245.0,,245.0,263.0,159.0,128.0,122.0,158.0,85.0,195.0,93.0,245.0,82.0,133.0,124.0,111.0,209.0,89.0,83.0,91.0,95.0
task056,27a28665,39.0,40.0,59.0,40.0,76.0,40.0,56.0,44.0,53.0,42.0,41.0,49.0,40.0,,,,79.0,44.0,,49.0,100.0,51.0,46.0,100.0,51.0,41.0,,85.0,80.0,59.0,80.0,100.0,59.0,44.0,51.0,51.0,43.0,70.0,55.0,80.0,39.0,46.0,56.0,50.0,68.0,40.0,44.0,40.0,42.0
task057,28bf18c6,48.0,48.0,62.0,49.0,68.0,48.0,74.0,59.0,80.0,53.0,51.0,51.0,49.0,,,,89.0,55.0,,182.0,115.0,64.0,49.0,115.0,115.0,54.0,,115.0,108.0,62.0,108.0,115.0,63.0,63.0,55.0,81.0,55.0,100.0,55.0,108.0,54.0,55.0,55.0,51.0,68.0,54.0,51.0,51.0,55.0
task058,28e73c20,85.0,86.0,200.0,85.0,200.0,88.0,265.0,,155.0,103.0,112.0,123.0,123.0,,,,218.0,156.0,,,277.0,,,267.0,272.0,106.0,,252.0,241.0,,241.0,267.0,149.0,129.0,197.0,227.0,,139.0,118.0,241.0,99.0,137.0,110.0,123.0,207.0,90.0,89.0,102.0,107.0
task059,29623171,151.0,151.0,244.0,153.0,244.0,155.0,283.0,,227.0,178.0,169.0,195.0,178.0,,,,234.0,174.0,,,369.0,,180.0,291.0,270.0,176.0,,231.0,255.0,,255.0,291.0,276.0,173.0,202.0,206.0,,246.0,173.0,255.0,163.0,193.0,204.0,185.0,244.0,169.0,163.0,173.0,173.0
task060,29c11459,47.0,47.0,57.0,47.0,56.0,47.0,66.0,50.0,52.0,47.0,48.0,50.0,47.0,,,58.0,59.0,51.0,52.0,57.0,155.0,53.0,48.0,164.0,91.0,49.0,,66.0,68.0,55.0,68.0,164.0,56.0,50.0,53.0,53.0,48.0,68.0,55.0,68.0,47.0,50.0,50.0,56.0,57.0,48.0,48.0,48.0,50.0
task061,29ec7d0e,62.0,63.0,157.0,63.0,257.0,62.0,262.0,,128.0,63.0,63.0,67.0,63.0,,,,67.0,63.0,187.0,161.0,364.0,67.0,63.0,291.0,297.0,63.0,,165.0,257.0,,257.0,291.0,176.0,63.0,63.0,173.0,,132.0,62.0,257.0,62.0,63.0,64.0,63.0,253.0,63.0,62.0,63.0,63.0
task062,2bcee788,121.0,123.0,301.0,121.0,290.0,127.0,307.0,,151.0,154.0,163.0,208.0,167.0,,,,321.0,161.0,,,,,,,527.0,154.0,,317.0,290.0,,290.0,465.0,251.0,270.0,164.0,265.0,,280.0,282.0,290.0,185.0,257.0,230.0,169.0,290.0,145.0,162.0,140.0,157.0
task063,2bee17df,74.0,74.0,136.0,75.0,137.0,76.0,220.0,,101.0,78.0,78.0,86.0,76.0,,,,230.0,86.0,109.0,,238.0,87.0,,225.0,198.0,79.0,,153.0,211.0,,211.0,225.0,141.0,91.0,92.0,110.0,,135.0,99.0,137.0,77.0,119.0,137.0,85.0,137.0,79.0,77.0,79.0,80.0
task064,2c608aff,135.0,135.0,425.0,152.0,382.0,146.0,421.0,,163.0,155.0,174.0,186.0,169.0,,,,280.0,191.0,,,,,187.0,,490.0,163.0,,412.0,391.0,,391.0,677.0,239.0,279.0,206.0,237.0,,228.0,239.0,391.0,169.0,328.0,221.0,185.0,318.0,164.0,174.0,154.0,176.0
task065,2dc579da,82.0,82.0,255.0,84.0,153.0,84.0,239.0,,109.0,109.0,107.0,118.0,108.0,122.0,,,118.0,106.0,109.0,147.0,248.0,,130.0,257.0,261.0,106.0,,229.0,236.0,,236.0,257.0,138.0,107.0,107.0,150.0,,206.0,108.0,236.0,102.0,112.0,127.0,122.0,220.0,107.0,102.0,106.0,106.0
task066,2dd70a9a,232.0,240.0,539.0,244.0,599.0,237.0,528.0,,303.0,250.0,313.0,349.0,307.0,506.0,,,,332.0,,,,,,,584.0,276.0,,452.0,549.0,,349.0,534.0,436.0,306.0,326.0,338.0,,333.0,362.0,508.0,250.0,426.0,369.0,290.0,350.0,282.0,266.0,327.0,320.0
task067,2dee498d,33.0,33.0,33.0,33.0,33.0,33.0,33.0,33.0,33.0,33.0,33.0,33.0,33.0,33.0,,37.0,33.0,33.0,33.0,36.0,43.0,33.0,33.0,43.0,39.0,33.0,,35.0,33.0,33.0,33.0,43.0,33.0,33.0,33.0,33.0,33.0,33.0,33.0,33.0,33.0,33.0,33.0,33.0,33.0,33.0,33.0,33.0,33.0
task068,31aa019c,99.0,99.0,266.0,103.0,263.0,112.0,285.0,,159.0,128.0,118.0,142.0,137.0,,,,174.0,137.0,184.0,,322.0,,118.0,290.0,244.0,132.0,,221.0,261.0,,263.0,290.0,150.0,137.0,150.0,184.0,,194.0,136.0,263.0,116.0,154.0,151.0,158.0,170.0,129.0,122.0,122.0,136.0
task069,321b1fc6,143.0,148.0,238.0,150.0,216.0,143.0,227.0,,212.0,181.0,157.0,162.0,174.0,,,,234.0,189.0,,,273.0,,,230.0,238.0,158.0,,227.0,216.0,,216.0,227.0,189.0,189.0,199.0,226.0,,216.0,198.0,216.0,155.0,201.0,182.0,186.0,211.0,168.0,158.0,175.0,171.0
task070,32597951,78.0,80.0,164.0,82.0,164.0,78.0,234.0,,163.0,87.0,114.0,123.0,90.0,,,,243.0,109.0,181.0,260.0,208.0,,,234.0,211.0,111.0,,191.0,217.0,,217.0,234.0,143.0,164.0,151.0,188.0,,164.0,117.0,164.0,112.0,164.0,130.0,123.0,164.0,92.0,100.0,89.0,104.0
task071,3345333e,99.0,115.0,467.0,104.0,450.0,118.0,352.0,,244.0,119.0,121.0,124.0,117.0,,,,267.0,131.0,,,,,,,509.0,123.0,,367.0,342.0,,157.0,362.0,,134.0,231.0,331.0,,310.0,119.0,450.0,100.0,241.0,146.0,127.0,292.0,133.0,118.0,115.0,165.0
task072,3428a4f5,54.0,54.0,73.0,54.0,73.0,54.0,67.0,62.0,64.0,60.0,60.0,60.0,60.0,75.0,,75.0,71.0,60.0,68.0,72.0,79.0,62.0,62.0,79.0,79.0,60.0,,79.0,73.0,68.0,63.0,79.0,60.0,60.0,66.0,69.0,64.0,73.0,60.0,73.0,60.0,73.0,60.0,63.0,73.0,62.0,60.0,54.0,60.0
task073,3618c87e,46.0,46.0,76.0,46.0,76.0,46.0,76.0,46.0,46.0,46.0,46.0,46.0,46.0,,,,77.0,46.0,57.0,85.0,94.0,48.0,47.0,117.0,117.0,46.0,,68.0,76.0,46.0,76.0,117.0,46.0,46.0,63.0,63.0,49.0,76.0,47.0,76.0,46.0,47.0,46.0,46.0,76.0,46.0,46.0,46.0,46.0
task074,3631a71a,77.0,77.0,286.0,77.0,335.0,77.0,224.0,,110.0,99.0,100.0,94.0,83.0,,,368.0,225.0,89.0,,,,128.0,,,283.0,81.0,,216.0,335.0,,94.0,287.0,150.0,137.0,160.0,167.0,,178.0,118.0,335.0,89.0,153.0,161.0,141.0,129.0,81.0,102.0,112.0,118.0
task075,363442ee,86.0,86.0,219.0,86.0,204.0,86.0,169.0,,99.0,86.0,86.0,95.0,86.0,,,,121.0,86.0,137.0,,219.0,103.0,,223.0,155.0,86.0,,161.0,208.0,,208.0,223.0,116.0,99.0,109.0,131.0,,192.0,109.0,208.0,86.0,126.0,117.0,100.0,136.0,88.0,86.0,86.0,98.0
task076,36d67576,254.0,258.0,484.0,269.0,420.0,264.0,458.0,,,320.0,282.0,356.0,326.0,,,,440.0,299.0,,,,,,,988.0,302.0,,650.0,420.0,,356.0,762.0,,330.0,386.0,416.0,,420.0,433.0,420.0,328.0,412.0,413.0,326.0,420.0,286.0,279.0,270.0,341.0
task077,36fdfd69,110.0,124.0,420.0,110.0,558.0,124.0,597.0,,,126.0,214.0,174.0,125.0,,,,666.0,128.0,,,,,,,470.0,127.0,,368.0,381.0,,357.0,665.0,242.0,202.0,223.0,314.0,,241.0,260.0,558.0,125.0,269.0,196.0,149.0,304.0,128.0,135.0,130.0,148.0
task078,3906de3d,59.0,60.0,102.0,59.0,102.0,60.0,92.0,61.0,65.0,61.0,61.0,61.0,60.0,,,111.0,82.0,61.0,83.0,167.0,140.0,87.0,61.0,165.0,165.0,61.0,,130.0,102.0,65.0,102.0,165.0,78.0,71.0,69.0,102.0,,102.0,61.0,102.0,60.0,61.0,61.0,65.0,102.0,62.0,60.0,60.0,61.0
task079,39a8645d,105.0,107.0,261.0,105.0,240.0,121.0,264.0,,123.0,123.0,125.0,123.0,123.0,,,,215.0,129.0,,225.0,,,,,504.0,137.0,,331.0,240.0,,240.0,425.0,2178.0,309.0,128.0,247.0,,239.0,172.0,240.0,123.0,123.0,243.0,177.0,240.0,123.0,123.0,123.0,123.0
task080,39e1d7f9,223.0,232.0,449.0,231.0,435.0,243.0,435.0,,,256.0,264.0,284.0,286.0,,,,,291.0,548.0,,,,,,420.0,263.0,,609.0,435.0,,284.0,562.0,,360.0,366.0,388.0,,435.0,288.0,435.0,253.0,394.0,307.0,255.0,435.0,255.0,240.0,256.0,239.0
task081,3aa6fb7a,81.0,90.0,155.0,83.0,155.0,81.0,212.0,,138.0,96.0,99.0,106.0,95.0,,,,190.0,98.0,150.0,158.0,324.0,122.0,97.0,297.0,286.0,94.0,,169.0,273.0,,276.0,297.0,148.0,131.0,109.0,186.0,,192.0,134.0,258.0,95.0,143.0,130.0,96.0,155.0,95.0,96.0,91.0,119.0
task082,3ac3eb23,50.0,50.0,109.0,50.0,109.0,50.0,109.0,50.0,58.0,50.0,50.0,50.0,50.0,,,90.0,110.0,52.0,88.0,58.0,189.0,50.0,50.0,199.0,156.0,50.0,,110.0,109.0,55.0,60.0,199.0,60.0,50.0,60.0,109.0,60.0,105.0,50.0,109.0,50.0,50.0,60.0,50.0,109.0,50.0,50.0,50.0,50.0
task083,3af2c5a8,40.0,40.0,40.0,40.0,40.0,40.0,40.0,40.0,40.0,40.0,40.0,40.0,40.0,40.0,,41.0,40.0,40.0,45.0,40.0,40.0,40.0,40.0,49.0,49.0,40.0,,41.0,40.0,40.0,40.0,49.0,40.0,40.0,40.0,40.0,40.0,40.0,40.0,40.0,40.0,40.0,40.0,40.0,40.0,40.0,40.0,40.0,40.0
task084,3bd67248,62.0,62.0,69.0,62.0,72.0,62.0,72.0,77.0,82.0,62.0,63.0,63.0,62.0,89.0,,,74.0,64.0,,69.0,76.0,63.0,62.0,84.0,84.0,63.0,,68.0,72.0,69.0,72.0,84.0,69.0,65.0,67.0,72.0,,69.0,65.0,72.0,62.0,64.0,66.0,67.0,72.0,64.0,62.0,62.0,63.0
task085,3bdb4ada,49.0,49.0,89.0,49.0,89.0,49.0,271.0,,110.0,81.0,82.0,72.0,73.0,,,,126.0,66.0,143.0,84.0,297.0,112.0,62.0,271.0,221.0,59.0,,204.0,252.0,,252.0,271.0,113.0,103.0,85.0,165.0,69.0,89.0,64.0,89.0,59.0,89.0,89.0,88.0,89.0,56.0,62.0,49.0,86.0
task086,3befdf3e,151.0,166.0,518.0,151.0,478.0,154.0,510.0,,,224.0,217.0,252.0,232.0,,,,,223.0,,,,,,,473.0,211.0,,457.0,478.0,,252.0,412.0,,279.0,257.0,305.0,,299.0,267.0,476.0,221.0,327.0,244.0,222.0,478.0,211.0,206.0,226.0,249.0
task087,3c9b0459,36.0,36.0,36.0,36.0,36.0,36.0,36.0,36.0,36.0,36.0,36.0,36.0,36.0,,,37.0,36.0,36.0,36.0,36.0,36.0,36.0,36.0,36.0,36.0,36.0,,36.0,36.0,36.0,36.0,36.0,36.0,36.0,36.0,36.0,36.0,36.0,36.0,36.0,36.0,36.0,36.0,36.0,36.0,36.0,36.0,36.0,36.0
task088,3de23699,95.0,98.0,327.0,100.0,197.0,95.0,297.0,,,110.0,108.0,136.0,102.0,,,,231.0,119.0,149.0,,342.0,136.0,112.0,321.0,263.0,100.0,,240.0,289.0,,289.0,321.0,158.0,135.0,174.0,240.0,,212.0,143.0,262.0,106.0,168.0,158.0,131.0,214.0,106.0,110.0,105.0,146.0
task089,3e980e27,229.0,233.0,553.0,232.0,543.0,233.0,587.0,,,279.0,265.0,325.0,272.0,,,,379.0,332.0,,,,,,,480.0,269.0,,393.0,543.0,,325.0,507.0,,326.0,319.0,355.0,,368.0,292.0,543.0,260.0,424.0,298.0,307.0,466.0,243.0,251.0,277.0,305.0
task090,3eda0437,146.0,147.0,254.0,153.0,275.0,158.0,283.0,,,190.0,199.0,224.0,197.0,,,,,190.0,272.0,,,,,,361.0,195.0,,244.0,271.0,,230.0,312.0,263.0,211.0,226.0,265.0,,263.0,212.0,275.0,190.0,232.0,232.0,227.0,235.0,182.0,184.0,175.0,180.0
task091,3f7978a0,62.0,62.0,123.0,62.0,123.0,62.0,199.0,,,63.0,64.0,120.0,63.0,,,142.0,139.0,86.0,210.0,,206.0,127.0,,238.0,236.0,64.0,,150.0,192.0,,192.0,238.0,119.0,110.0,123.0,167.0,,124.0,110.0,124.0,64.0,118.0,110.0,92.0,124.0,63.0,69.0,63.0,109.0
task092,40853293,86.0,86.0,189.0,86.0,189.0,87.0,245.0,,,101.0,100.0,103.0,98.0,,,,181.0,102.0,,,358.0,126.0,100.0,295.0,247.0,101.0,,215.0,229.0,,229.0,245.0,289.0,155.0,104.0,226.0,,189.0,152.0,189.0,95.0,179.0,153.0,104.0,189.0,100.0,94.0,101.0,112.0
task093,4093f84a,98.0,98.0,269.0,98.0,261.0,98.0,283.0,,,100.0,108.0,120.0,104.0,,,,227.0,104.0,,,,,112.0,,333.0,103.0,,294.0,261.0,,261.0,441.0,167.0,129.0,167.0,269.0,,244.0,181.0,261.0,102.0,172.0,174.0,127.0,261.0,118.0,108.0,100.0,104.0
task094,41e4d17e,96.0,102.0,265.0,97.0,242.0,96.0,260.0,,,115.0,108.0,154.0,116.0,,,,264.0,137.0,,,248.0,175.0,114.0,264.0,231.0,105.0,,264.0,242.0,,242.0,264.0,176.0,182.0,175.0,235.0,,229.0,162.0,242.0,111.0,187.0,186.0,141.0,225.0,102.0,124.0,130.0,108.0
task095,4258a5f9,70.0,70.0,110.0,74.0,110.0,70.0,170.0,,109.0,79.0,86.0,87.0,78.0,,,,177.0,106.0,115.0,111.0,162.0,91.0,78.0,170.0,170.0,86.0,,132.0,170.0,,170.0,170.0,129.0,104.0,100.0,133.0,,110.0,100.0,110.0,97.0,110.0,110.0,94.0,110.0,77.0,79.0,85.0,91.0
task096,4290ef0e,277.0,284.0,813.0,282.0,310.0,282.0,870.0,,,309.0,312.0,361.0,298.0,,,,,307.0,,442.0,,,,,875.0,306.0,,776.0,621.0,312.0,387.0,579.0,,580.0,325.0,526.0,,330.0,321.0,797.0,340.0,675.0,317.0,303.0,321.0,330.0,298.0,300.0,310.0
task097,42a50994,93.0,96.0,280.0,93.0,262.0,98.0,194.0,,,108.0,108.0,108.0,108.0,,,,284.0,110.0,162.0,141.0,313.0,,109.0,283.0,240.0,110.0,,157.0,240.0,,265.0,283.0,143.0,136.0,116.0,210.0,,239.0,145.0,265.0,108.0,148.0,160.0,139.0,167.0,113.0,110.0,108.0,110.0
task098,4347f46a,64.0,74.0,154.0,64.0,160.0,72.0,175.0,101.0,,99.0,97.0,103.0,101.0,,,122.0,191.0,104.0,,157.0,185.0,,,191.0,175.0,102.0,,181.0,171.0,,103.0,181.0,133.0,102.0,102.0,165.0,,152.0,122.0,172.0,96.0,114.0,102.0,97.0,145.0,96.0,88.0,106.0,98.0
task099,444801d8,93.0,93.0,405.0,103.0,491.0,112.0,508.0,,,134.0,129.0,171.0,125.0,,,,238.0,167.0,,,,,,,352.0,156.0,,283.0,384.0,,185.0,459.0,161.0,242.0,225.0,304.0,,230.0,152.0,408.0,126.0,212.0,189.0,184.0,317.0,122.0,142.0,134.0,104.0
task100,445eab21,85.0,85.0,154.0,88.0,154.0,88.0,154.0,,,95.0,96.0,98.0,102.0,,,,145.0,88.0,109.0,,,,,,265.0,91.0,,180.0,154.0,,154.0,263.0,279.0,100.0,99.0,154.0,,120.0,118.0,137.0,86.0,99.0,97.0,100.0,154.0,88.0,87.0,94.0,95.0
task101,447fd412,254.0,271.0,532.0,258.0,521.0,265.0,981.0,,,326.0,302.0,361.0,344.0,,,,540.0,378.0,,,,,,,798.0,326.0,,628.0,632.0,,361.0,628.0,,390.0,430.0,559.0,,396.0,399.0,764.0,290.0,472.0,370.0,337.0,529.0,285.0,275.0,307.0,354.0
task102,44d8ac46,124.0,126.0,279.0,135.0,502.0,124.0,549.0,,,148.0,171.0,166.0,201.0,,,,340.0,194.0,,,465.0,,168.0,,252.0,185.0,,297.0,455.0,,206.0,447.0,,192.0,224.0,318.0,,210.0,224.0,363.0,150.0,233.0,219.0,188.0,505.0,183.0,161.0,194.0,197.0
task103,44f52bb0,29.0,29.0,38.0,29.0,38.0,29.0,29.0,29.0,29.0,29.0,29.0,29.0,29.0,,,52.0,31.0,29.0,44.0,31.0,54.0,30.0,29.0,78.0,78.0,29.0,,45.0,38.0,29.0,38.0,78.0,78.0,29.0,29.0,38.0,29.0,32.0,29.0,38.0,29.0,29.0,30.0,31.0,38.0,29.0,29.0,29.0,29.0
task104,4522001f,84.0,84.0,143.0,84.0,153.0,84.0,153.0,,128.0,94.0,85.0,92.0,93.0,,,,154.0,102.0,,,242.0,138.0,106.0,336.0,273.0,96.0,,206.0,153.0,,153.0,225.0,237.0,153.0,119.0,153.0,,153.0,102.0,153.0,89.0,128.0,130.0,125.0,153.0,96.0,89.0,89.0,91.0
task105,4612dd53,124.0,134.0,342.0,139.0,380.0,124.0,414.0,,,126.0,211.0,256.0,152.0,,,,297.0,208.0,,,,,217.0,,322.0,172.0,,266.0,349.0,,298.0,376.0,,303.0,249.0,319.0,,243.0,270.0,382.0,155.0,326.0,246.0,241.0,384.0,175.0,161.0,214.0,206.0
task106,46442a0e,55.0,67.0,97.0,55.0,97.0,59.0,97.0,89.0,110.0,67.0,67.0,76.0,66.0,,,,81.0,72.0,,99.0,122.0,76.0,81.0,122.0,122.0,81.0,,107.0,97.0,,97.0,122.0,122.0,81.0,78.0,97.0,,97.0,79.0,97.0,66.0,97.0,81.0,81.0,97.0,67.0,66.0,66.0,68.0
task107,469497ad,132.0,161.0,332.0,132.0,307.0,142.0,328.0,,,144.0,143.0,183.0,193.0,,,,288.0,145.0,186.0,174.0,379.0,,143.0,332.0,332.0,143.0,,332.0,307.0,,307.0,332.0,427.0,171.0,252.0,277.0,,307.0,144.0,307.0,137.0,271.0,221.0,187.0,307.0,205.0,149.0,137.0,142.0
task108,46f33fce,44.0,52.0,176.0,46.0,176.0,52.0,176.0,,68.0,64.0,57.0,64.0,58.0,,,,86.0,64.0,64.0,68.0,103.0,68.0,64.0,176.0,81.0,64.0,,88.0,176.0,,176.0,176.0,176.0,64.0,70.0,119.0,66.0,121.0,64.0,176.0,46.0,64.0,64.0,64.0,72.0,59.0,46.0,63.0,64.0
task109,47c1f68c,77.0,80.0,193.0,77.0,193.0,80.0,193.0,97.0,,90.0,80.0,93.0,84.0,,,,115.0,91.0,124.0,,141.0,94.0,101.0,,287.0,91.0,,149.0,193.0,,193.0,284.0,,94.0,96.0,156.0,,118.0,92.0,193.0,91.0,104.0,96.0,103.0,104.0,81.0,91.0,90.0,91.0
task110,484b58aa,83.0,84.0,201.0,84.0,201.0,85.0,261.0,,,114.0,157.0,195.0,152.0,,,,291.0,158.0,,,328.0,,,291.0,293.0,93.0,,284.0,257.0,,257.0,291.0,388.0,235.0,139.0,215.0,,201.0,186.0,201.0,83.0,192.0,201.0,154.0,201.0,99.0,85.0,102.0,110.0
task111,48d8fb45,60.0,60.0,98.0,60.0,98.0,60.0,102.0,85.0,94.0,60.0,63.0,61.0,61.0,,,,96.0,63.0,108.0,75.0,102.0,73.0,75.0,102.0,102.0,63.0,,102.0,98.0,,102.0,102.0,102.0,71.0,94.0,102.0,,98.0,63.0,102.0,61.0,81.0,77.0,80.0,98.0,62.0,61.0,60.0,63.0
task112,4938f0c2,91.0,91.0,198.0,106.0,181.0,91.0,186.0,,,106.0,131.0,141.0,106.0,,,,193.0,147.0,,,213.0,,124.0,211.0,211.0,114.0,,211.0,181.0,,181.0,211.0,225.0,149.0,147.0,186.0,,181.0,155.0,181.0,134.0,166.0,161.0,115.0,181.0,103.0,101.0,126.0,129.0
task113,496994bd,25.0,25.0,28.0,25.0,28.0,25.0,25.0,25.0,25.0,25.0,25.0,25.0,25.0,,,38.0,25.0,25.0,,25.0,25.0,25.0,25.0,28.0,28.0,25.0,,28.0,28.0,25.0,28.0,28.0,25.0,25.0,25.0,28.0,25.0,28.0,25.0,28.0,25.0,25.0,25.0,25.0,28.0,25.0,25.0,25.0,25.0
task114,49d1d64f,64.0,64.0,100.0,64.0,100.0,64.0,65.0,65.0,,64.0,65.0,65.0,65.0,,,,105.0,65.0,,66.0,121.0,66.0,66.0,121.0,121.0,65.0,,67.0,74.0,65.0,100.0,122.0,121.0,65.0,97.0,100.0,,98.0,65.0,100.0,65.0,65.0,65.0,66.0,100.0,65.0,65.0,65.0,65.0
task115,4be741c5,51.0,51.0,120.0,52.0,113.0,52.0,123.0,61.0,,70.0,70.0,69.0,52.0,,,,128.0,69.0,,,147.0,71.0,89.0,192.0,176.0,66.0,,142.0,123.0,88.0,123.0,192.0,75.0,82.0,84.0,123.0,,115.0,54.0,123.0,66.0,74.0,79.0,71.0,67.0,71.0,51.0,66.0,66.0
task116,4c4377d9,20.0,20.0,20.0,20.0,20.0,20.0,20.0,20.0,20.0,20.0,20.0,20.0,20.0,,,21.0,20.0,20.0,,20.0,20.0,20.0,20.0,20.0,20.0,20.0,,20.0,20.0,20.0,20.0,20.0,20.0,20.0,20.0,20.0,20.0,20.0,20.0,20.0,20.0,20.0,20.0,20.0,20.0,20.0,20.0,20.0,20.0
task117,4c5c2cf0,115.0,115.0,534.0,130.0,882.0,147.0,965.0,,,172.0,196.0,253.0,219.0,,,,,199.0,,,369.0,,,,333.0,194.0,,244.0,529.0,,253.0,485.0,,220.0,225.0,286.0,,265.0,223.0,397.0,175.0,263.0,230.0,203.0,210.0,184.0,179.0,177.0,181.0
task118,50846271,222.0,245.0,295.0,225.0,280.0,244.0,280.0,,,280.0,280.0,280.0,272.0,,,,290.0,278.0,,,,,,,553.0,280.0,280.0,290.0,280.0,280.0,280.0,511.0,,320.0,280.0,280.0,,280.0,322.0,280.0,257.0,279.0,287.0,280.0,280.0,267.0,270.0,276.0,275.0
task119,508bd3b6,102.0,102.0,278.0,102.0,272.0,102.0,505.0,,,107.0,163.0,206.0,107.0,,,698.0,265.0,108.0,,,,,,,354.0,118.0,,401.0,383.0,,206.0,719.0,,321.0,166.0,276.0,,245.0,209.0,468.0,112.0,256.0,234.0,135.0,275.0,111.0,107.0,102.0,107.0
task120,50cb2852,74.0,89.0,361.0,78.0,338.0,85.0,182.0,,,99.0,109.0,112.0,103.0,,,,234.0,114.0,,188.0,466.0,112.0,105.0,361.0,324.0,109.0,,164.0,338.0,,160.0,361.0,,120.0,116.0,165.0,,140.0,118.0,338.0,105.0,141.0,139.0,110.0,145.0,99.0,106.0,106.0,114.0
task121,5117e062,84.0,89.0,231.0,88.0,231.0,89.0,210.0,,,90.0,88.0,90.0,90.0,,,,144.0,91.0,237.0,,232.0,91.0,90.0,253.0,246.0,86.0,,208.0,231.0,,231.0,253.0,,106.0,121.0,195.0,,161.0,89.0,231.0,85.0,129.0,106.0,110.0,192.0,102.0,89.0,89.0,85.0
task122,5168d44c,70.0,70.0,233.0,71.0,214.0,75.0,225.0,,,78.0,101.0,104.0,78.0,,,,242.0,104.0,,,,,109.0,,236.0,90.0,,241.0,214.0,,214.0,241.0,,130.0,149.0,224.0,,182.0,148.0,214.0,80.0,141.0,117.0,115.0,214.0,90.0,89.0,89.0,84.0
task123,539a4f51,71.0,72.0,163.0,75.0,163.0,75.0,164.0,75.0,,75.0,71.0,80.0,75.0,,,,86.0,75.0,,80.0,,80.0,75.0,,148.0,75.0,,123.0,163.0,,163.0,166.0,166.0,75.0,75.0,106.0,,124.0,76.0,163.0,71.0,94.0,72.0,78.0,163.0,75.0,75.0,71.0,75.0
task124,53b68214,95.0,97.0,264.0,95.0,269.0,96.0,294.0,,,110.0,102.0,110.0,110.0,,,,,109.0,,243.0,,114.0,104.0,,435.0,109.0,,189.0,274.0,,274.0,482.0,,112.0,195.0,238.0,,175.0,111.0,274.0,98.0,154.0,142.0,127.0,237.0,108.0,103.0,109.0,125.0
task125,543a7ed5,110.0,118.0,270.0,116.0,264.0,110.0,278.0,,,119.0,138.0,182.0,119.0,,,,286.0,136.0,,,579.0,,,,304.0,126.0,,285.0,264.0,,264.0,443.0,,190.0,239.0,271.0,,245.0,224.0,264.0,142.0,204.0,208.0,130.0,263.0,134.0,128.0,172.0,144.0
task126,54d82841,54.0,54.0,190.0,54.0,185.0,54.0,190.0,56.0,60.0,58.0,54.0,58.0,56.0,,,84.0,67.0,57.0,152.0,61.0,94.0,83.0,58.0,200.0,196.0,54.0,,182.0,185.0,,185.0,200.0,186.0,96.0,61.0,146.0,63.0,107.0,93.0,185.0,54.0,115.0,57.0,58.0,151.0,58.0,54.0,54.0,54.0
task127,54d9e175,57.0,57.0,178.0,63.0,178.0,63.0,178.0,82.0,85.0,79.0,81.0,84.0,80.0,,,,97.0,81.0,87.0,,140.0,84.0,84.0,178.0,178.0,82.0,,123.0,178.0,,178.0,178.0,163.0,84.0,86.0,152.0,,109.0,83.0,178.0,79.0,97.0,86.0,83.0,178.0,65.0,59.0,79.0,81.0
task128,5521c0d9,57.0,57.0,176.0,59.0,176.0,59.0,176.0,64.0,74.0,59.0,61.0,60.0,63.0,,,,102.0,67.0,,78.0,424.0,85.0,61.0,338.0,339.0,59.0,,198.0,176.0,,176.0,338.0,,75.0,66.0,144.0,,132.0,64.0,176.0,59.0,101.0,73.0,69.0,176.0,61.0,59.0,64.0,64.0
task129,5582e5ca,47.0,47.0,50.0,47.0,50.0,47.0,48.0,47.0,53.0,47.0,48.0,48.0,47.0,,,,48.0,48.0,48.0,53.0,53.0,48.0,47.0,53.0,53.0,47.0,,53.0,50.0,,50.0,53.0,53.0,48.0,48.0,50.0,48.0,50.0,48.0,50.0,47.0,48.0,48.0,48.0,50.0,47.0,47.0,47.0,48.0
task130,5614dbcf,61.0,61.0,123.0,65.0,123.0,65.0,123.0,66.0,65.0,65.0,65.0,66.0,65.0,,,,103.0,68.0,99.0,109.0,106.0,68.0,65.0,193.0,192.0,65.0,,121.0,123.0,,123.0,193.0,193.0,65.0,65.0,113.0,,123.0,71.0,123.0,65.0,65.0,91.0,65.0,123.0,65.0,65.0,65.0,86.0
task131,56dc2b01,117.0,126.0,264.0,125.0,258.0,117.0,260.0,,,132.0,166.0,178.0,141.0,,,,277.0,130.0,,,271.0,,147.0,277.0,270.0,148.0,,277.0,258.0,,258.0,277.0,269.0,247.0,194.0,238.0,139.0,258.0,177.0,258.0,147.0,234.0,207.0,184.0,258.0,127.0,160.0,128.0,189.0
task132,56ff96f3,86.0,86.0,269.0,86.0,239.0,86.0,260.0,115.0,,126.0,162.0,134.0,112.0,,,,269.0,105.0,224.0,256.0,260.0,198.0,131.0,264.0,265.0,123.0,,202.0,239.0,,239.0,264.0,275.0,166.0,190.0,225.0,,220.0,162.0,239.0,106.0,212.0,162.0,127.0,238.0,89.0,104.0,101.0,134.0
task133,57aa92db,268.0,307.0,339.0,273.0,321.0,276.0,321.0,,,321.0,321.0,321.0,321.0,,,,,319.0,,,,,,,836.0,321.0,321.0,734.0,321.0,321.0,321.0,746.0,,455.0,321.0,321.0,,321.0,330.0,321.0,318.0,320.0,329.0,321.0,321.0,275.0,319.0,302.0,320.0
task134,5ad4f10b,123.0,146.0,379.0,123.0,368.0,142.0,380.0,,,172.0,193.0,210.0,185.0,,,,406.0,188.0,,,,,143.0,,497.0,165.0,,311.0,368.0,,368.0,500.0,,271.0,190.0,322.0,,232.0,216.0,368.0,158.0,344.0,247.0,203.0,368.0,176.0,195.0,212.0,201.0
task135,5bd6f4ac,32.0,32.0,33.0,32.0,33.0,32.0,32.0,32.0,32.0,32.0,32.0,32.0,32.0,,,34.0,32.0,32.0,32.0,32.0,41.0,32.0,32.0,41.0,41.0,32.0,,33.0,33.0,32.0,32.0,41.0,32.0,32.0,32.0,33.0,32.0,32.0,32.0,33.0,32.0,32.0,32.0,32.0,33.0,32.0,32.0,32.0,32.0
task136,5c0a986e,94.0,94.0,221.0,97.0,215.0,104.0,229.0,,,107.0,116.0,182.0,118.0,,,,233.0,109.0,162.0,,202.0,,115.0,233.0,227.0,118.0,,215.0,215.0,,215.0,233.0,221.0,121.0,171.0,218.0,,197.0,126.0,215.0,110.0,123.0,128.0,113.0,200.0,110.0,110.0,110.0,112.0
task137,5c2c9af4,137.0,139.0,365.0,141.0,382.0,137.0,433.0,,,143.0,146.0,181.0,147.0,,,163.0,277.0,146.0,166.0,,,,152.0,,477.0,146.0,,307.0,359.0,,181.0,302.0,,148.0,181.0,306.0,,184.0,146.0,419.0,146.0,173.0,160.0,146.0,273.0,157.0,146.0,146.0,146.0
task138,5daaa586,101.0,103.0,293.0,104.0,285.0,103.0,1015.0,,,116.0,155.0,174.0,103.0,,,,251.0,137.0,,,,,,,381.0,120.0,,386.0,439.0,,251.0,591.0,,298.0,181.0,311.0,116.0,221.0,253.0,566.0,119.0,285.0,252.0,133.0,163.0,120.0,119.0,123.0,132.0
task139,60b61512,81.0,92.0,257.0,88.0,240.0,89.0,251.0,,,100.0,104.0,101.0,95.0,,,,257.0,108.0,,,248.0,114.0,81.0,255.0,248.0,101.0,,255.0,240.0,,240.0,255.0,253.0,116.0,153.0,243.0,,217.0,117.0,240.0,101.0,198.0,171.0,104.0,222.0,102.0,97.0,108.0,86.0
task140,6150a2bd,36.0,36.0,36.0,36.0,36.0,36.0,36.0,36.0,36.0,36.0,36.0,36.0,36.0,,,37.0,36.0,36.0,,36.0,36.0,36.0,36.0,36.0,36.0,36.0,,36.0,36.0,36.0,36.0,36.0,36.0,36.0,36.0,36.0,36.0,36.0,36.0,36.0,36.0,36.0,36.0,36.0,36.0,36.0,36.0,36.0,36.0
task141,623ea044,92.0,92.0,236.0,93.0,219.0,92.0,156.0,,,100.0,106.0,118.0,113.0,,,116.0,242.0,112.0,115.0,,251.0,119.0,114.0,236.0,236.0,104.0,,161.0,219.0,,219.0,236.0,236.0,119.0,118.0,212.0,,211.0,120.0,219.0,97.0,122.0,126.0,107.0,154.0,100.0,106.0,111.0,106.0
task142,62c24649,40.0,40.0,45.0,40.0,45.0,40.0,40.0,40.0,40.0,40.0,40.0,40.0,40.0,,,41.0,40.0,40.0,45.0,40.0,49.0,40.0,40.0,49.0,49.0,40.0,,45.0,45.0,40.0,45.0,49.0,49.0,40.0,40.0,45.0,40.0,45.0,40.0,45.0,40.0,40.0,40.0,40.0,45.0,40.0,40.0,40.0,40.0
task143,63613498,127.0,127.0,358.0,130.0,369.0,135.0,382.0,,,212.0,150.0,217.0,198.0,,,459.0,,155.0,,,,,140.0,,316.0,192.0,,311.0,369.0,,261.0,446.0,,184.0,266.0,342.0,,282.0,181.0,369.0,151.0,332.0,205.0,201.0,351.0,155.0,142.0,169.0,212.0
task144,6430c8c4,53.0,53.0,73.0,53.0,73.0,53.0,73.0,62.0,63.0,59.0,59.0,61.0,57.0,,,76.0,68.0,61.0,68.0,62.0,85.0,63.0,60.0,85.0,85.0,59.0,,70.0,73.0,68.0,73.0,85.0,85.0,59.0,68.0,73.0,65.0,73.0,59.0,73.0,59.0,73.0,63.0,63.0,73.0,59.0,59.0,53.0,59.0
task145,6455b5f5,156.0,177.0,378.0,157.0,371.0,167.0,380.0,,,187.0,234.0,257.0,189.0,,,,311.0,245.0,,,576.0,,214.0,396.0,400.0,231.0,,349.0,371.0,,371.0,396.0,,294.0,260.0,309.0,,363.0,277.0,371.0,226.0,282.0,278.0,215.0,371.0,227.0,197.0,225.0,197.0
task146,662c240a,58.0,58.0,138.0,58.0,138.0,58.0,138.0,61.0,,58.0,58.0,58.0,58.0,,,,78.0,70.0,70.0,70.0,162.0,60.0,58.0,151.0,151.0,58.0,,67.0,130.0,70.0,138.0,151.0,95.0,59.0,70.0,94.0,,90.0,59.0,138.0,58.0,70.0,98.0,70.0,67.0,58.0,58.0,58.0,64.0
task147,67385a82,72.0,81.0,227.0,72.0,213.0,81.0,226.0,,,87.0,92.0,91.0,84.0,,,,233.0,95.0,,,227.0,92.0,91.0,227.0,227.0,89.0,,158.0,213.0,,213.0,227.0,227.0,151.0,149.0,175.0,,184.0,117.0,213.0,89.0,142.0,129.0,91.0,213.0,86.0,89.0,113.0,92.0
task148,673ef223,118.0,118.0,316.0,124.0,276.0,130.0,292.0,,,153.0,182.0,214.0,194.0,,,,305.0,163.0,,206.0,,,,,364.0,172.0,,248.0,276.0,,276.0,447.0,,236.0,233.0,244.0,,276.0,200.0,276.0,154.0,224.0,223.0,155.0,276.0,200.0,151.0,173.0,204.0
task149,6773b310,74.0,75.0,174.0,75.0,182.0,74.0,187.0,,,80.0,78.0,80.0,80.0,,,,84.0,82.0,91.0,,187.0,83.0,80.0,187.0,186.0,80.0,,93.0,182.0,,182.0,187.0,187.0,80.0,84.0,88.0,,109.0,83.0,100.0,78.0,86.0,82.0,82.0,99.0,82.0,78.0,80.0,80.0
task150,67a3c6ac,30.0,30.0,30.0,30.0,30.0,30.0,30.0,30.0,30.0,30.0,30.0,30.0,30.0,,,,30.0,30.0,30.0,30.0,30.0,30.0,30.0,30.0,30.0,30.0,,30.0,30.0,30.0,30.0,30.0,30.0,30.0,30.0,30.0,30.0,30.0,30.0,30.0,30.0,30.0,30.0,30.0,30.0,30.0,30.0,30.0,30.0
task151,67a423a3,100.0,103.0,131.0,103.0,134.0,103.0,134.0,,,113.0,108.0,125.0,113.0,,,,134.0,115.0,127.0,129.0,134.0,,122.0,134.0,134.0,111.0,,134.0,134.0,121.0,134.0,134.0,134.0,118.0,120.0,134.0,,134.0,104.0,134.0,100.0,122.0,110.0,129.0,134.0,114.0,105.0,102.0,107.0
task152,67e8384a,39.0,40.0,45.0,40.0,45.0,39.0,40.0,40.0,40.0,40.0,40.0,40.0,40.0,,,,40.0,40.0,40.0,40.0,49.0,40.0,40.0,49.0,49.0,40.0,,41.0,45.0,40.0,45.0,49.0,49.0,40.0,40.0,45.0,40.0,45.0,40.0,45.0,40.0,40.0,40.0,40.0,45.0,40.0,40.0,40.0,40.0
task153,681b3aeb,118.0,118.0,335.0,131.0,304.0,133.0,332.0,,,162.0,179.0,186.0,186.0,,,,346.0,200.0,,,,,,,369.0,162.0,,334.0,304.0,,307.0,657.0,,272.0,225.0,315.0,,279.0,203.0,307.0,128.0,288.0,272.0,222.0,274.0,150.0,173.0,119.0,177.0
task154,6855a6e4,88.0,98.0,189.0,100.0,193.0,98.0,271.0,,,107.0,100.0,108.0,101.0,,,,244.0,122.0,230.0,,,,,,272.0,113.0,,328.0,454.0,,112.0,459.0,,248.0,160.0,187.0,,193.0,96.0,193.0,103.0,193.0,193.0,133.0,118.0,112.0,119.0,116.0,120.0
task155,68b16354,18.0,18.0,18.0,18.0,18.0,18.0,18.0,18.0,18.0,18.0,18.0,18.0,18.0,,,,18.0,18.0,18.0,18.0,18.0,18.0,18.0,18.0,18.0,18.0,,18.0,18.0,18.0,18.0,18.0,18.0,18.0,18.0,18.0,18.0,18.0,18.0,18.0,18.0,18.0,18.0,18.0,18.0,18.0,18.0,18.0,18.0
task156,694f12f3,118.0,118.0,277.0,128.0,252.0,142.0,266.0,,,181.0,170.0,208.0,185.0,,,,260.0,211.0,,,544.0,,,,410.0,202.0,,266.0,252.0,,252.0,450.0,,194.0,228.0,260.0,,248.0,199.0,252.0,159.0,237.0,203.0,176.0,252.0,177.0,161.0,180.0,179.0
task157,6a1e5592,230.0,240.0,256.0,242.0,247.0,238.0,247.0,,,247.0,247.0,247.0,247.0,,,,306.0,244.0,,,,,250.0,,766.0,247.0,237.0,309.0,247.0,247.0,247.0,646.0,998.0,307.0,247.0,247.0,,247.0,256.0,247.0,249.0,244.0,253.0,247.0,247.0,239.0,247.0,281.0,244.0
task158,6aa20dc0,253.0,261.0,340.0,260.0,325.0,264.0,325.0,,,310.0,325.0,325.0,263.0,,,,343.0,319.0,,,,,,,993.0,325.0,325.0,337.0,325.0,,325.0,754.0,,353.0,319.0,325.0,,325.0,359.0,325.0,285.0,323.0,334.0,325.0,325.0,284.0,298.0,294.0,319.0
task159,6b9890af,103.0,103.0,337.0,105.0,328.0,107.0,350.0,,,141.0,163.0,167.0,106.0,,,,240.0,115.0,204.0,,,,,,437.0,147.0,,305.0,328.0,,167.0,288.0,,210.0,183.0,340.0,,251.0,195.0,328.0,141.0,230.0,203.0,162.0,265.0,107.0,115.0,187.0,157.0
task160,6c434453,100.0,104.0,220.0,100.0,208.0,105.0,223.0,,,119.0,122.0,123.0,106.0,,,,228.0,121.0,184.0,,,,104.0,,290.0,105.0,,193.0,208.0,,208.0,252.0,,185.0,124.0,217.0,,202.0,137.0,208.0,116.0,169.0,168.0,135.0,208.0,106.0,118.0,136.0,119.0
task161,6cdd2623,79.0,82.0,267.0,79.0,299.0,82.0,84.0,86.0,,87.0,87.0,93.0,82.0,,,,226.0,108.0,112.0,,,93.0,82.0,,236.0,87.0,,270.0,299.0,,299.0,322.0,,160.0,105.0,267.0,,195.0,142.0,299.0,83.0,178.0,138.0,87.0,299.0,89.0,83.0,80.0,87.0
task162,6cf79266,96.0,96.0,145.0,97.0,146.0,97.0,146.0,,,109.0,121.0,111.0,107.0,,,,152.0,116.0,165.0,143.0,146.0,138.0,105.0,146.0,146.0,105.0,,146.0,146.0,,146.0,146.0,146.0,133.0,124.0,146.0,,145.0,132.0,146.0,113.0,138.0,145.0,124.0,146.0,104.0,122.0,110.0,124.0
task163,6d0160f0,130.0,130.0,227.0,130.0,219.0,131.0,237.0,,,147.0,142.0,149.0,140.0,,,,240.0,147.0,,,326.0,,144.0,238.0,238.0,151.0,,200.0,219.0,,219.0,238.0,,149.0,172.0,226.0,,180.0,160.0,219.0,139.0,160.0,163.0,153.0,219.0,137.0,139.0,153.0,144.0
task164,6d0aefbc,32.0,32.0,32.0,32.0,32.0,32.0,32.0,32.0,32.0,32.0,32.0,32.0,32.0,,,,32.0,32.0,32.0,32.0,32.0,32.0,32.0,32.0,32.0,32.0,,32.0,32.0,32.0,32.0,32.0,32.0,32.0,32.0,32.0,32.0,32.0,32.0,32.0,32.0,32.0,32.0,32.0,32.0,32.0,32.0,32.0,32.0
task165,6d58a25d,112.0,112.0,215.0,130.0,215.0,130.0,224.0,,,127.0,148.0,183.0,191.0,,,,274.0,136.0,,193.0,,,123.0,,236.0,163.0,,303.0,427.0,,222.0,490.0,,257.0,193.0,346.0,,253.0,169.0,376.0,126.0,197.0,215.0,160.0,216.0,127.0,122.0,149.0,159.0
task166,6d75e8bb,61.0,61.0,206.0,63.0,192.0,63.0,201.0,65.0,81.0,61.0,65.0,70.0,65.0,,,,70.0,66.0,,70.0,250.0,70.0,63.0,201.0,201.0,65.0,,192.0,192.0,,192.0,201.0,246.0,81.0,70.0,194.0,,88.0,67.0,192.0,65.0,169.0,65.0,70.0,192.0,65.0,64.0,63.0,65.0
task167,6e02f1e3,70.0,72.0,121.0,70.0,127.0,71.0,127.0,,,72.0,77.0,80.0,80.0,,,,87.0,81.0,,95.0,127.0,85.0,78.0,127.0,127.0,80.0,,83.0,127.0,111.0,127.0,127.0,127.0,79.0,85.0,93.0,,103.0,80.0,127.0,77.0,89.0,85.0,82.0,127.0,83.0,76.0,76.0,79.0
task168,6e19193c,110.0,110.0,281.0,112.0,267.0,110.0,283.0,,,116.0,162.0,178.0,126.0,,,,271.0,121.0,242.0,,,,,,253.0,114.0,,268.0,267.0,,267.0,285.0,,208.0,175.0,243.0,,246.0,194.0,267.0,116.0,198.0,208.0,138.0,263.0,116.0,127.0,111.0,116.0
task169,6e82a1ae,108.0,108.0,273.0,111.0,268.0,110.0,318.0,,,133.0,128.0,188.0,126.0,,,,325.0,130.0,,,416.0,,,327.0,313.0,154.0,,259.0,296.0,,296.0,327.0,,190.0,192.0,231.0,,252.0,173.0,295.0,126.0,229.0,199.0,206.0,263.0,127.0,130.0,158.0,128.0
task170,6ecd11f4,163.0,166.0,425.0,193.0,381.0,163.0,405.0,,,180.0,220.0,257.0,223.0,,,,417.0,186.0,,,,,,,569.0,233.0,,407.0,381.0,,381.0,677.0,,328.0,254.0,405.0,,381.0,309.0,381.0,191.0,368.0,274.0,268.0,331.0,215.0,170.0,193.0,211.0
task171,6f8cd79b,51.0,51.0,90.0,51.0,90.0,51.0,90.0,59.0,66.0,51.0,51.0,61.0,51.0,,,,67.0,62.0,,103.0,184.0,66.0,63.0,184.0,90.0,51.0,,76.0,90.0,67.0,90.0,90.0,91.0,62.0,63.0,90.0,61.0,74.0,65.0,90.0,61.0,66.0,66.0,56.0,72.0,53.0,51.0,51.0,61.0
task172,6fa7a44f,20.0,20.0,20.0,20.0,20.0,20.0,20.0,20.0,20.0,20.0,20.0,20.0,20.0,,,,20.0,20.0,20.0,20.0,20.0,20.0,20.0,20.0,20.0,20.0,,20.0,20.0,20.0,20.0,20.0,20.0,20.0,20.0,20.0,20.0,20.0,20.0,20.0,20.0,20.0,20.0,20.0,20.0,20.0,20.0,20.0,20.0
task173,72322fa7,197.0,207.0,233.0,204.0,222.0,201.0,222.0,,,222.0,222.0,222.0,222.0,,,,232.0,220.0,,,,,,,412.0,222.0,222.0,229.0,222.0,222.0,222.0,413.0,,252.0,222.0,222.0,,222.0,239.0,222.0,222.0,220.0,226.0,222.0,222.0,208.0,220.0,215.0,219.0
task174,72ca375d,89.0,91.0,303.0,97.0,269.0,89.0,300.0,120.0,,105.0,98.0,121.0,105.0,,,,148.0,113.0,,,,128.0,118.0,,407.0,103.0,,364.0,269.0,,269.0,588.0,,186.0,112.0,282.0,,124.0,113.0,269.0,96.0,197.0,211.0,113.0,269.0,102.0,98.0,105.0,105.0
task175,73251a56,74.0,74.0,173.0,75.0,174.0,75.0,175.0,,,75.0,87.0,102.0,75.0,,,,241.0,75.0,,,,,87.0,,239.0,90.0,,181.0,175.0,,175.0,230.0,,88.0,77.0,175.0,,132.0,83.0,175.0,75.0,104.0,94.0,82.0,174.0,87.0,75.0,75.0,92.0
task176,7447852a,61.0,64.0,137.0,61.0,139.0,64.0,139.0,99.0,,68.0,81.0,86.0,86.0,,,,146.0,83.0,,80.0,139.0,86.0,82.0,139.0,139.0,71.0,,139.0,139.0,,139.0,139.0,139.0,84.0,118.0,139.0,,124.0,79.0,139.0,76.0,84.0,89.0,87.0,139.0,67.0,72.0,78.0,78.0
task177,7468f01a,51.0,51.0,155.0,51.0,155.0,51.0,155.0,55.0,68.0,54.0,54.0,55.0,51.0,,,,55.0,59.0,95.0,63.0,155.0,55.0,53.0,155.0,155.0,54.0,,147.0,155.0,66.0,155.0,155.0,155.0,59.0,55.0,150.0,56.0,97.0,64.0,155.0,54.0,55.0,54.0,55.0,65.0,54.0,54.0,54.0,59.0
task178,746b3537,47.0,47.0,77.0,47.0,68.0,47.0,216.0,55.0,,52.0,53.0,68.0,47.0,,,,150.0,58.0,133.0,59.0,239.0,99.0,58.0,232.0,230.0,59.0,,150.0,219.0,102.0,219.0,232.0,202.0,71.0,68.0,146.0,56.0,77.0,76.0,77.0,47.0,68.0,68.0,59.0,77.0,47.0,50.0,50.0,51.0
task179,74dd1130,21.0,21.0,21.0,21.0,21.0,21.0,21.0,21.0,21.0,21.0,21.0,21.0,21.0,,,,31.0,21.0,31.0,31.0,36.0,21.0,21.0,36.0,34.0,21.0,,32.0,21.0,21.0,21.0,34.0,35.0,21.0,21.0,21.0,21.0,21.0,21.0,21.0,21.0,21.0,21.0,21.0,21.0,21.0,21.0,21.0,21.0
task180,75b8110e,74.0,79.0,91.0,74.0,91.0,79.0,91.0,88.0,91.0,84.0,82.0,88.0,84.0,,,,91.0,83.0,,84.0,91.0,,81.0,91.0,91.0,82.0,,91.0,91.0,,91.0,91.0,91.0,84.0,91.0,91.0,,91.0,82.0,91.0,82.0,84.0,84.0,84.0,91.0,83.0,82.0,82.0,82.0
task181,760b3cac,67.0,67.0,99.0,67.0,99.0,67.0,99.0,84.0,69.0,67.0,68.0,74.0,69.0,,,,87.0,70.0,94.0,77.0,99.0,74.0,72.0,99.0,99.0,68.0,,99.0,99.0,80.0,99.0,99.0,99.0,70.0,71.0,99.0,,99.0,70.0,99.0,67.0,84.0,70.0,79.0,97.0,69.0,67.0,67.0,67.0
task182,776ffc46,160.0,160.0,352.0,186.0,564.0,167.0,707.0,,,203.0,207.0,289.0,205.0,,,,355.0,200.0,,,,,,,541.0,216.0,,387.0,497.0,,319.0,651.0,,248.0,242.0,413.0,,341.0,258.0,566.0,199.0,243.0,244.0,207.0,324.0,195.0,182.0,224.0,206.0
task183,77fdfe62,79.0,79.0,196.0,94.0,211.0,93.0,225.0,,,98.0,94.0,99.0,99.0,,,,234.0,98.0,98.0,,225.0,99.0,95.0,225.0,167.0,94.0,,169.0,211.0,99.0,211.0,225.0,225.0,97.0,108.0,109.0,,145.0,94.0,178.0,93.0,117.0,98.0,96.0,187.0,94.0,93.0,93.0,96.0
task184,780d0b14,91.0,91.0,293.0,94.0,277.0,91.0,286.0,,,122.0,104.0,121.0,117.0,,,,209.0,116.0,268.0,,386.0,,93.0,293.0,283.0,107.0,,217.0,277.0,,277.0,293.0,,167.0,150.0,174.0,,236.0,164.0,277.0,102.0,214.0,196.0,108.0,243.0,113.0,104.0,104.0,119.0
task185,7837ac64,107.0,107.0,367.0,121.0,354.0,110.0,365.0,,,120.0,155.0,165.0,167.0,,,,282.0,168.0,,,,,,,504.0,151.0,,340.0,354.0,,357.0,436.0,,273.0,221.0,278.0,,182.0,186.0,357.0,149.0,251.0,220.0,159.0,231.0,126.0,143.0,158.0,201.0
task186,794b24be,60.0,60.0,107.0,61.0,107.0,60.0,107.0,66.0,107.0,60.0,62.0,67.0,60.0,,,,76.0,67.0,81.0,76.0,107.0,68.0,66.0,107.0,107.0,67.0,,89.0,107.0,71.0,107.0,107.0,107.0,67.0,71.0,96.0,,90.0,63.0,107.0,61.0,75.0,68.0,75.0,107.0,61.0,61.0,60.0,65.0
task187,7b6016b9,83.0,91.0,157.0,88.0,157.0,83.0,256.0,,,96.0,96.0,110.0,94.0,,,,267.0,115.0,,,343.0,113.0,,265.0,256.0,101.0,,260.0,246.0,,246.0,265.0,327.0,216.0,124.0,246.0,,214.0,98.0,246.0,88.0,145.0,115.0,109.0,157.0,106.0,90.0,91.0,96.0
task188,7b7f7511,53.0,53.0,113.0,63.0,113.0,59.0,113.0,81.0,,73.0,73.0,85.0,77.0,,,,98.0,75.0,,91.0,113.0,,67.0,113.0,113.0,72.0,,91.0,113.0,86.0,113.0,113.0,113.0,88.0,85.0,113.0,,91.0,76.0,113.0,55.0,77.0,76.0,81.0,113.0,53.0,57.0,68.0,69.0
task189,7c008303,95.0,95.0,219.0,111.0,214.0,111.0,215.0,,,113.0,115.0,134.0,115.0,,,,235.0,131.0,159.0,,,,130.0,,389.0,115.0,,196.0,214.0,,214.0,252.0,,117.0,138.0,195.0,,203.0,140.0,214.0,111.0,146.0,144.0,118.0,209.0,116.0,111.0,112.0,116.0
task190,7ddcd7ec,103.0,105.0,270.0,103.0,273.0,104.0,295.0,,,109.0,153.0,144.0,111.0,,,,261.0,121.0,267.0,,415.0,,148.0,297.0,274.0,111.0,,245.0,273.0,,273.0,297.0,,240.0,178.0,203.0,,273.0,228.0,273.0,108.0,229.0,216.0,126.0,262.0,112.0,111.0,106.0,115.0
task191,7df24a62,221.0,221.0,511.0,227.0,690.0,228.0,411.0,,,237.0,273.0,303.0,239.0,,,,399.0,256.0,,,,,,,543.0,280.0,,511.0,496.0,,303.0,460.0,,375.0,305.0,404.0,,326.0,355.0,502.0,275.0,383.0,329.0,272.0,555.0,243.0,240.0,287.0,300.0
task192,7e0986d6,99.0,109.0,372.0,114.0,348.0,99.0,370.0,,,115.0,151.0,193.0,166.0,,,,284.0,153.0,,,,,115.0,,376.0,136.0,,381.0,285.0,,193.0,326.0,,269.0,236.0,294.0,,253.0,201.0,348.0,111.0,236.0,192.0,128.0,263.0,122.0,122.0,136.0,155.0
task193,7f4411dc,71.0,77.0,162.0,71.0,162.0,81.0,163.0,,,91.0,94.0,150.0,86.0,,,,163.0,114.0,,185.0,163.0,,87.0,163.0,163.0,92.0,,163.0,162.0,,163.0,156.0,163.0,128.0,143.0,163.0,,154.0,114.0,162.0,84.0,122.0,131.0,98.0,162.0,94.0,86.0,93.0,95.0
task194,7fe24cdd,55.0,67.0,117.0,55.0,117.0,59.0,117.0,,,67.0,67.0,76.0,66.0,,,,81.0,73.0,104.0,99.0,120.0,76.0,75.0,120.0,120.0,59.0,,120.0,115.0,,117.0,89.0,120.0,81.0,81.0,117.0,,116.0,104.0,117.0,66.0,117.0,81.0,81.0,117.0,69.0,66.0,66.0,72.0
task195,80af3007,94.0,103.0,253.0,94.0,250.0,106.0,260.0,,,106.0,108.0,108.0,105.0,,,,150.0,112.0,,,,,105.0,,322.0,114.0,,260.0,250.0,,250.0,258.0,,106.0,119.0,212.0,,200.0,132.0,247.0,108.0,151.0,161.0,122.0,219.0,105.0,105.0,102.0,129.0
task196,810b9b61,99.0,110.0,153.0,106.0,153.0,105.0,379.0,,,123.0,127.0,153.0,115.0,,,,282.0,118.0,291.0,,463.0,,110.0,410.0,381.0,129.0,,369.0,363.0,,227.0,349.0,,220.0,153.0,297.0,,252.0,168.0,363.0,123.0,152.0,132.0,142.0,153.0,129.0,121.0,112.0,117.0
task197,82819916,51.0,54.0,167.0,54.0,235.0,54.0,255.0,54.0,69.0,54.0,51.0,54.0,54.0,,,,54.0,54.0,69.0,54.0,264.0,54.0,54.0,257.0,257.0,54.0,,219.0,235.0,,235.0,159.0,,54.0,54.0,120.0,54.0,114.0,53.0,235.0,51.0,54.0,89.0,71.0,158.0,54.0,54.0,54.0,54.0
task198,83302e8f,102.0,107.0,320.0,118.0,291.0,110.0,306.0,,,120.0,222.0,124.0,124.0,,,,320.0,161.0,,,485.0,,,,367.0,128.0,,320.0,291.0,,291.0,309.0,,226.0,224.0,283.0,,291.0,215.0,291.0,110.0,281.0,221.0,162.0,291.0,119.0,142.0,141.0,178.0
task199,834ec97d,77.0,79.0,163.0,84.0,163.0,84.0,163.0,,,89.0,79.0,104.0,104.0,,,,161.0,84.0,,,163.0,,81.0,163.0,163.0,100.0,,163.0,163.0,,163.0,152.0,163.0,129.0,103.0,118.0,,152.0,82.0,163.0,77.0,148.0,130.0,90.0,163.0,81.0,77.0,77.0,84.0
task200,8403a5d5,84.0,84.0,190.0,84.0,188.0,84.0,190.0,,,91.0,90.0,104.0,103.0,,,,207.0,95.0,,219.0,199.0,104.0,98.0,199.0,199.0,101.0,,177.0,188.0,,188.0,182.0,199.0,100.0,147.0,181.0,,147.0,131.0,188.0,111.0,128.0,124.0,94.0,183.0,89.0,88.0,115.0,116.0
task201,846bdb03,185.0,187.0,344.0,188.0,332.0,198.0,359.0,,,229.0,234.0,282.0,229.0,,,,365.0,283.0,,,494.0,,,359.0,358.0,236.0,,359.0,332.0,,332.0,359.0,,301.0,268.0,322.0,,332.0,274.0,332.0,246.0,324.0,301.0,255.0,332.0,215.0,230.0,224.0,227.0
task202,855e0971,98.0,103.0,351.0,104.0,367.0,98.0,376.0,,,105.0,106.0,145.0,102.0,,,,245.0,127.0,,,349.0,,111.0,,464.0,123.0,,351.0,369.0,,202.0,339.0,,170.0,138.0,246.0,,260.0,130.0,362.0,104.0,271.0,173.0,117.0,366.0,106.0,106.0,107.0,107.0
task203,85c4e7cd,64.0,64.0,144.0,67.0,154.0,64.0,154.0,71.0,,67.0,66.0,72.0,69.0,,,,96.0,74.0,,67.0,,72.0,69.0,,154.0,64.0,,122.0,154.0,,135.0,158.0,158.0,67.0,72.0,111.0,,92.0,67.0,154.0,64.0,76.0,70.0,91.0,92.0,64.0,64.0,64.0,64.0
task204,868de0fa,93.0,93.0,275.0,93.0,395.0,93.0,410.0,,,128.0,105.0,162.0,99.0,,,,236.0,105.0,,,610.0,162.0,108.0,,318.0,97.0,,240.0,395.0,,224.0,255.0,,199.0,168.0,310.0,,212.0,148.0,398.0,113.0,180.0,151.0,153.0,298.0,106.0,99.0,105.0,158.0
task205,8731374e,134.0,144.0,434.0,136.0,598.0,134.0,589.0,,,179.0,197.0,247.0,161.0,,,,,206.0,,,,,,,393.0,198.0,,315.0,517.0,,293.0,404.0,,272.0,228.0,451.0,,319.0,240.0,401.0,218.0,243.0,283.0,197.0,404.0,153.0,180.0,208.0,213.0
task206,88a10436,139.0,140.0,329.0,140.0,525.0,140.0,277.0,,,149.0,146.0,148.0,150.0,,,,239.0,150.0,223.0,,469.0,,179.0,,322.0,153.0,,229.0,449.0,,244.0,249.0,,176.0,172.0,321.0,,198.0,162.0,306.0,151.0,218.0,198.0,150.0,257.0,161.0,139.0,151.0,162.0
task207,88a62173,72.0,80.0,220.0,74.0,205.0,74.0,212.0,,,86.0,88.0,84.0,83.0,,,,86.0,86.0,86.0,,270.0,84.0,84.0,221.0,213.0,86.0,,107.0,205.0,,205.0,221.0,123.0,86.0,86.0,140.0,,141.0,86.0,205.0,78.0,86.0,92.0,86.0,205.0,86.0,78.0,86.0,86.0
task208,890034e9,163.0,163.0,524.0,211.0,499.0,189.0,525.0,,,219.0,232.0,229.0,228.0,,,,338.0,250.0,,,,,,,422.0,243.0,,406.0,499.0,,329.0,351.0,,293.0,259.0,418.0,,303.0,287.0,379.0,238.0,291.0,279.0,236.0,297.0,222.0,227.0,223.0,236.0
task209,8a004b2b,244.0,278.0,894.0,247.0,362.0,268.0,460.0,,,304.0,282.0,273.0,295.0,,,,,319.0,,,,,,,925.0,283.0,,510.0,601.0,,393.0,578.0,383.0,353.0,419.0,508.0,,420.0,331.0,826.0,314.0,463.0,408.0,322.0,825.0,273.0,250.0,277.0,305.0
task210,8be77c9e,20.0,20.0,20.0,20.0,20.0,20.0,20.0,20.0,20.0,20.0,20.0,20.0,20.0,,,,20.0,20.0,20.0,20.0,20.0,20.0,20.0,20.0,20.0,20.0,,20.0,20.0,20.0,20.0,20.0,20.0,20.0,20.0,20.0,20.0,20.0,20.0,20.0,20.0,20.0,20.0,20.0,20.0,20.0,20.0,20.0,20.0
task211,8d5021e8,48.0,48.0,63.0,48.0,63.0,48.0,63.0,49.0,49.0,48.0,49.0,49.0,48.0,,,,58.0,49.0,,57.0,65.0,49.0,48.0,65.0,60.0,48.0,,65.0,63.0,,56.0,65.0,65.0,49.0,49.0,56.0,48.0,63.0,49.0,63.0,48.0,49.0,48.0,49.0,63.0,48.0,48.0,48.0,48.0
task212,8d510a79,88.0,99.0,234.0,93.0,215.0,101.0,236.0,,,117.0,133.0,131.0,120.0,,,,242.0,141.0,,,353.0,,126.0,,237.0,130.0,,229.0,215.0,,215.0,239.0,,176.0,167.0,224.0,,213.0,145.0,215.0,120.0,213.0,160.0,128.0,212.0,113.0,115.0,121.0,142.0
task213,8e1813be,86.0,86.0,274.0,90.0,269.0,87.0,302.0,,,89.0,96.0,102.0,87.0,,,,163.0,123.0,,,425.0,114.0,97.0,308.0,309.0,114.0,,207.0,236.0,,283.0,308.0,,141.0,101.0,197.0,,223.0,133.0,283.0,94.0,115.0,143.0,101.0,238.0,89.0,88.0,106.0,128.0
task214,8e5a5113,61.0,62.0,162.0,62.0,162.0,62.0,162.0,73.0,,61.0,65.0,90.0,65.0,,,,73.0,72.0,,74.0,151.0,92.0,70.0,,162.0,63.0,,96.0,116.0,,162.0,168.0,168.0,81.0,73.0,102.0,,116.0,75.0,162.0,62.0,76.0,79.0,74.0,91.0,66.0,63.0,63.0,70.0
task215,8eb1be9a,42.0,42.0,86.0,45.0,86.0,42.0,49.0,49.0,48.0,48.0,48.0,52.0,44.0,,,,86.0,49.0,,83.0,86.0,53.0,44.0,86.0,86.0,46.0,,86.0,86.0,,86.0,86.0,86.0,49.0,62.0,77.0,49.0,86.0,49.0,86.0,45.0,49.0,55.0,54.0,86.0,46.0,42.0,44.0,48.0
task216,8efcae92,111.0,113.0,274.0,113.0,305.0,111.0,324.0,,,133.0,150.0,145.0,133.0,,,,255.0,130.0,,,,,122.0,,400.0,130.0,,291.0,305.0,,240.0,427.0,,216.0,164.0,317.0,,301.0,226.0,305.0,137.0,195.0,199.0,144.0,296.0,121.0,131.0,148.0,131.0
task217,8f2ea7aa,95.0,95.0,189.0,95.0,189.0,95.0,148.0,,,99.0,101.0,108.0,99.0,,,,189.0,107.0,161.0,,189.0,107.0,101.0,189.0,189.0,109.0,,131.0,189.0,,189.0,189.0,189.0,107.0,108.0,127.0,,146.0,133.0,189.0,97.0,134.0,107.0,105.0,189.0,99.0,101.0,97.0,102.0
task218,90c28cc7,56.0,56.0,289.0,56.0,277.0,56.0,205.0,65.0,,64.0,62.0,81.0,61.0,,,,221.0,70.0,,,,91.0,58.0,,266.0,62.0,,272.0,277.0,,94.0,261.0,,86.0,128.0,147.0,74.0,85.0,70.0,279.0,63.0,71.0,76.0,81.0,237.0,67.0,63.0,63.0,63.0
task219,90f3ed37,233.0,242.0,904.0,242.0,975.0,241.0,1086.0,,,241.0,272.0,353.0,283.0,,,,,349.0,,491.0,,,,,901.0,304.0,,488.0,699.0,,353.0,,,431.0,298.0,353.0,,352.0,298.0,850.0,302.0,329.0,340.0,306.0,301.0,266.0,248.0,320.0,297.0
task220,913fb3ed,82.0,89.0,198.0,88.0,198.0,82.0,234.0,,,93.0,110.0,101.0,87.0,,,,242.0,123.0,175.0,,246.0,107.0,89.0,235.0,242.0,101.0,,210.0,220.0,,220.0,235.0,228.0,117.0,149.0,174.0,,190.0,109.0,220.0,110.0,149.0,147.0,139.0,184.0,97.0,109.0,94.0,113.0
task221,91413438,86.0,86.0,178.0,86.0,182.0,87.0,100.0,,,100.0,89.0,105.0,87.0,,,,143.0,102.0,109.0,,,,92.0,,243.0,90.0,,190.0,134.0,,137.0,179.0,,101.0,106.0,168.0,,134.0,118.0,182.0,87.0,107.0,101.0,101.0,176.0,98.0,89.0,89.0,89.0
task222,91714a58,93.0,102.0,248.0,93.0,232.0,107.0,252.0,,,119.0,128.0,194.0,120.0,,,,270.0,119.0,,,499.0,,,,263.0,122.0,,258.0,232.0,,232.0,292.0,,228.0,215.0,238.0,,232.0,194.0,232.0,137.0,216.0,211.0,117.0,232.0,109.0,117.0,141.0,186.0
task223,9172f3a0,46.0,46.0,62.0,46.0,79.0,51.0,64.0,55.0,59.0,52.0,50.0,56.0,52.0,,,,64.0,52.0,59.0,70.0,66.0,59.0,51.0,66.0,73.0,50.0,,60.0,67.0,,56.0,94.0,55.0,55.0,55.0,59.0,51.0,72.0,58.0,79.0,50.0,65.0,53.0,53.0,62.0,53.0,46.0,50.0,52.0
task224,928ad970,114.0,145.0,272.0,131.0,248.0,114.0,268.0,,,138.0,183.0,210.0,182.0,,,,272.0,177.0,252.0,,,,,,272.0,188.0,,268.0,248.0,,248.0,268.0,,217.0,225.0,256.0,,233.0,209.0,248.0,181.0,232.0,217.0,208.0,230.0,145.0,185.0,187.0,201.0
task225,93b581b8,122.0,125.0,268.0,126.0,244.0,127.0,260.0,,,129.0,124.0,194.0,142.0,,,,271.0,135.0,,,,,138.0,,264.0,128.0,,245.0,244.0,,244.0,262.0,,142.0,212.0,258.0,,244.0,159.0,244.0,123.0,180.0,171.0,167.0,244.0,134.0,123.0,123.0,126.0
task226,941d9a10,117.0,120.0,248.0,119.0,231.0,117.0,243.0,,,143.0,152.0,133.0,133.0,,,,251.0,160.0,,,262.0,,143.0,250.0,248.0,162.0,,250.0,231.0,,231.0,250.0,263.0,177.0,190.0,231.0,,231.0,161.0,231.0,134.0,168.0,190.0,147.0,231.0,139.0,137.0,132.0,150.0
task227,94f9d214,52.0,52.0,72.0,52.0,72.0,52.0,72.0,57.0,69.0,58.0,60.0,61.0,54.0,,,,68.0,61.0,,69.0,74.0,65.0,58.0,74.0,74.0,60.0,,74.0,72.0,,72.0,74.0,60.0,60.0,68.0,72.0,60.0,72.0,62.0,72.0,55.0,72.0,63.0,63.0,72.0,55.0,60.0,52.0,58.0
task228,952a094c,114.0,116.0,272.0,116.0,244.0,116.0,263.0,,,119.0,146.0,209.0,177.0,,,,271.0,132.0,,254.0,301.0,,122.0,263.0,266.0,123.0,,226.0,244.0,,244.0,263.0,187.0,191.0,190.0,223.0,,231.0,171.0,244.0,121.0,201.0,197.0,162.0,244.0,130.0,136.0,153.0,130.0
task229,9565186b,73.0,73.0,96.0,73.0,96.0,73.0,79.0,,83.0,73.0,74.0,74.0,73.0,,,,83.0,74.0,74.0,82.0,144.0,74.0,73.0,144.0,142.0,73.0,,85.0,96.0,,96.0,144.0,144.0,74.0,74.0,83.0,,96.0,96.0,96.0,73.0,74.0,79.0,74.0,96.0,73.0,73.0,73.0,74.0
task230,95990924,95.0,102.0,230.0,110.0,184.0,95.0,214.0,,,111.0,131.0,131.0,114.0,,,,225.0,118.0,255.0,,277.0,,128.0,230.0,225.0,117.0,,198.0,207.0,,207.0,230.0,146.0,156.0,146.0,176.0,,207.0,138.0,207.0,120.0,153.0,144.0,132.0,207.0,113.0,125.0,113.0,111.0
task231,963e52fc,42.0,43.0,75.0,43.0,75.0,43.0,64.0,43.0,43.0,43.0,43.0,43.0,43.0,,,,43.0,43.0,92.0,75.0,77.0,43.0,43.0,77.0,75.0,43.0,,77.0,75.0,58.0,75.0,77.0,75.0,43.0,43.0,75.0,43.0,58.0,46.0,75.0,42.0,43.0,43.0,43.0,75.0,43.0,43.0,43.0,43.0
task232,97999447,57.0,59.0,109.0,57.0,109.0,58.0,134.0,70.0,70.0,69.0,67.0,60.0,60.0,,,,111.0,77.0,93.0,101.0,134.0,96.0,66.0,134.0,134.0,71.0,,120.0,134.0,,134.0,134.0,134.0,75.0,75.0,134.0,,120.0,71.0,134.0,68.0,100.0,75.0,70.0,109.0,58.0,58.0,58.0,61.0
task233,97a05b5b,256.0,278.0,384.0,271.0,370.0,261.0,370.0,,,291.0,324.0,370.0,326.0,,,,384.0,337.0,,,1251.0,,,2544.0,570.0,310.0,370.0,384.0,370.0,,370.0,897.0,,401.0,370.0,370.0,,370.0,403.0,370.0,311.0,368.0,380.0,318.0,370.0,273.0,302.0,306.0,327.0
task234,98cf29f8,106.0,107.0,119.0,107.0,117.0,106.0,192.0,,,109.0,109.0,119.0,119.0,,,,246.0,113.0,,,,,109.0,,387.0,111.0,,620.0,133.0,113.0,210.0,692.0,,309.0,119.0,251.0,129.0,119.0,117.0,119.0,108.0,112.0,119.0,117.0,114.0,113.0,107.0,121.0,113.0
task235,995c5fa3,61.0,62.0,78.0,61.0,78.0,62.0,79.0,61.0,78.0,65.0,66.0,70.0,67.0,,,,72.0,69.0,,77.0,79.0,,68.0,79.0,79.0,69.0,,79.0,78.0,,78.0,79.0,79.0,68.0,72.0,72.0,,73.0,72.0,78.0,65.0,78.0,70.0,72.0,78.0,63.0,65.0,66.0,68.0
task236,99b1bc43,54.0,54.0,129.0,54.0,138.0,54.0,74.0,62.0,,60.0,62.0,63.0,60.0,,,,72.0,63.0,,70.0,138.0,69.0,61.0,138.0,129.0,62.0,,74.0,138.0,,138.0,138.0,138.0,62.0,70.0,71.0,62.0,81.0,65.0,85.0,60.0,68.0,65.0,65.0,138.0,61.0,60.0,54.0,60.0
task237,99fa7670,66.0,66.0,204.0,67.0,184.0,68.0,192.0,73.0,,79.0,69.0,77.0,68.0,,,,203.0,71.0,,177.0,173.0,82.0,69.0,,204.0,71.0,,164.0,159.0,,184.0,198.0,,82.0,108.0,135.0,,87.0,80.0,184.0,66.0,95.0,89.0,84.0,158.0,68.0,66.0,71.0,71.0
task238,9aec4887,195.0,209.0,461.0,201.0,990.0,195.0,383.0,,,223.0,243.0,265.0,250.0,,,,340.0,260.0,,,,,,,506.0,240.0,,432.0,570.0,,314.0,420.0,,340.0,255.0,454.0,,373.0,286.0,607.0,237.0,458.0,290.0,266.0,268.0,228.0,232.0,241.0,270.0
task239,9af7a82c,99.0,99.0,212.0,99.0,207.0,104.0,213.0,110.0,,104.0,111.0,112.0,106.0,,,,218.0,114.0,,,213.0,113.0,114.0,213.0,183.0,112.0,,137.0,207.0,,207.0,213.0,213.0,113.0,124.0,170.0,,139.0,111.0,207.0,111.0,127.0,115.0,112.0,122.0,103.0,107.0,111.0,111.0
task240,9d9215db,89.0,99.0,237.0,104.0,225.0,102.0,230.0,,,135.0,138.0,150.0,146.0,,,,301.0,122.0,,135.0,,,,,252.0,126.0,,412.0,225.0,,199.0,418.0,,167.0,194.0,228.0,,217.0,161.0,225.0,89.0,181.0,186.0,113.0,225.0,113.0,107.0,103.0,133.0
task241,9dfd6313,21.0,21.0,21.0,21.0,21.0,21.0,21.0,21.0,21.0,21.0,21.0,21.0,21.0,,,,31.0,21.0,,31.0,31.0,21.0,21.0,31.0,31.0,21.0,,21.0,21.0,21.0,21.0,31.0,31.0,21.0,21.0,21.0,21.0,21.0,21.0,21.0,21.0,21.0,21.0,21.0,21.0,21.0,21.0,21.0,21.0
task242,9ecd008a,54.0,54.0,239.0,54.0,229.0,54.0,131.0,66.0,66.0,54.0,54.0,54.0,54.0,,,,68.0,68.0,83.0,133.0,423.0,54.0,54.0,271.0,180.0,54.0,,181.0,183.0,,247.0,268.0,,56.0,66.0,245.0,54.0,105.0,57.0,247.0,54.0,56.0,86.0,54.0,69.0,54.0,54.0,54.0,54.0
task243,9edfc990,75.0,75.0,169.0,75.0,169.0,75.0,90.0,81.0,88.0,80.0,84.0,89.0,79.0,,,,220.0,88.0,,152.0,231.0,90.0,79.0,,227.0,79.0,,219.0,194.0,,194.0,221.0,,146.0,80.0,196.0,,170.0,149.0,169.0,83.0,154.0,110.0,80.0,169.0,79.0,80.0,75.0,80.0
task244,9f236235,61.0,61.0,199.0,63.0,199.0,63.0,212.0,75.0,,63.0,65.0,86.0,65.0,,,,104.0,69.0,,79.0,116.0,92.0,,235.0,231.0,65.0,,191.0,207.0,,207.0,233.0,,65.0,91.0,134.0,,127.0,77.0,157.0,63.0,154.0,86.0,71.0,207.0,63.0,65.0,63.0,65.0
task245,a1570a43,94.0,99.0,280.0,98.0,297.0,98.0,318.0,,,116.0,167.0,139.0,115.0,,,,229.0,113.0,,,,,123.0,,393.0,109.0,,233.0,251.0,,223.0,290.0,,198.0,199.0,217.0,,212.0,179.0,259.0,124.0,253.0,196.0,139.0,223.0,117.0,122.0,159.0,109.0
task246,a2fd1cf0,104.0,104.0,215.0,105.0,203.0,105.0,218.0,,,114.0,129.0,156.0,132.0,,,,228.0,127.0,223.0,,244.0,,144.0,218.0,218.0,152.0,,191.0,203.0,,203.0,218.0,177.0,187.0,201.0,211.0,,203.0,153.0,203.0,120.0,159.0,157.0,127.0,203.0,108.0,120.0,120.0,128.0
task247,a3325580,92.0,95.0,188.0,92.0,188.0,95.0,188.0,,,103.0,99.0,99.0,99.0,,,,191.0,103.0,,,,112.0,96.0,,265.0,98.0,,190.0,188.0,,114.0,377.0,,107.0,112.0,180.0,,150.0,106.0,188.0,95.0,106.0,106.0,122.0,181.0,108.0,96.0,98.0,96.0
task248,a3df8b1e,67.0,72.0,145.0,74.0,145.0,72.0,145.0,83.0,,77.0,72.0,81.0,77.0,,,,103.0,78.0,,143.0,145.0,93.0,73.0,145.0,145.0,74.0,,115.0,145.0,,145.0,145.0,145.0,82.0,91.0,93.0,,131.0,86.0,145.0,68.0,76.0,91.0,93.0,129.0,78.0,67.0,78.0,73.0
task249,a416b8f3,26.0,26.0,26.0,26.0,26.0,26.0,26.0,26.0,26.0,26.0,26.0,26.0,26.0,,,,26.0,26.0,,26.0,26.0,26.0,26.0,26.0,26.0,26.0,,26.0,26.0,26.0,26.0,26.0,26.0,26.0,26.0,26.0,26.0,26.0,26.0,26.0,26.0,26.0,26.0,26.0,26.0,26.0,26.0,26.0,26.0
task250,a48eeaf7,95.0,101.0,266.0,95.0,256.0,97.0,289.0,,,116.0,107.0,202.0,102.0,,,,302.0,132.0,,,,,,,289.0,114.0,,217.0,263.0,,202.0,262.0,,167.0,201.0,208.0,,243.0,161.0,263.0,130.0,211.0,163.0,158.0,233.0,111.0,104.0,144.0,113.0
task251,a5313dff,84.0,88.0,330.0,89.0,295.0,84.0,326.0,94.0,,95.0,97.0,99.0,88.0,,,,264.0,98.0,,,422.0,100.0,,329.0,319.0,101.0,,234.0,295.0,,295.0,329.0,,200.0,134.0,249.0,,225.0,121.0,295.0,91.0,193.0,112.0,98.0,254.0,107.0,97.0,91.0,106.0
task252,a5f85a15,53.0,55.0,140.0,53.0,140.0,57.0,140.0,70.0,,59.0,62.0,62.0,59.0,,,,66.0,62.0,74.0,63.0,140.0,64.0,62.0,140.0,140.0,62.0,,63.0,140.0,,140.0,140.0,140.0,62.0,66.0,114.0,,128.0,65.0,140.0,60.0,62.0,62.0,62.0,140.0,64.0,60.0,59.0,62.0
task253,a61ba2ce,114.0,120.0,259.0,114.0,233.0,121.0,249.0,,,140.0,152.0,172.0,172.0,,,,257.0,177.0,,,374.0,,,253.0,259.0,162.0,,243.0,233.0,,233.0,253.0,313.0,163.0,208.0,235.0,,233.0,181.0,233.0,158.0,182.0,184.0,162.0,233.0,162.0,132.0,141.0,152.0
task254,a61f2674,81.0,81.0,225.0,91.0,217.0,84.0,234.0,,,87.0,97.0,116.0,94.0,,,,233.0,108.0,154.0,,267.0,,102.0,234.0,226.0,97.0,,190.0,217.0,,220.0,234.0,201.0,117.0,122.0,184.0,,201.0,113.0,220.0,94.0,150.0,103.0,126.0,177.0,99.0,93.0,97.0,107.0
task255,a64e4611,194.0,222.0,675.0,212.0,668.0,233.0,779.0,,309.0,281.0,430.0,330.0,239.0,,,,,298.0,,,,,,,682.0,265.0,,619.0,728.0,,419.0,,,564.0,349.0,359.0,,373.0,357.0,728.0,267.0,559.0,398.0,330.0,668.0,278.0,246.0,257.0,314.0
task256,a65b410d,93.0,97.0,175.0,96.0,177.0,95.0,177.0,,,105.0,100.0,123.0,106.0,,,,185.0,118.0,126.0,,177.0,131.0,100.0,177.0,177.0,113.0,,160.0,177.0,,177.0,177.0,177.0,117.0,120.0,163.0,,149.0,113.0,177.0,93.0,136.0,112.0,117.0,177.0,107.0,98.0,97.0,103.0
task257,a68b268e,68.0,71.0,169.0,68.0,165.0,71.0,114.0,,90.0,82.0,74.0,90.0,82.0,,,,91.0,84.0,91.0,,131.0,83.0,82.0,,203.0,84.0,,132.0,155.0,,187.0,204.0,,84.0,91.0,158.0,,95.0,82.0,187.0,81.0,90.0,85.0,84.0,159.0,81.0,82.0,80.0,82.0
task258,a699fb00,61.0,61.0,87.0,61.0,87.0,61.0,87.0,67.0,70.0,61.0,61.0,61.0,61.0,,,,76.0,67.0,64.0,83.0,87.0,69.0,61.0,87.0,87.0,61.0,,78.0,87.0,69.0,87.0,87.0,87.0,61.0,67.0,87.0,,87.0,62.0,87.0,61.0,62.0,61.0,61.0,87.0,61.0,61.0,61.0,61.0
task259,a740d043,83.0,83.0,215.0,85.0,204.0,83.0,215.0,,,86.0,87.0,129.0,85.0,,,,225.0,106.0,198.0,,219.0,140.0,85.0,219.0,215.0,99.0,,165.0,204.0,,204.0,219.0,219.0,135.0,103.0,204.0,,168.0,143.0,204.0,85.0,148.0,146.0,101.0,149.0,86.0,86.0,85.0,98.0
task260,a78176bb,130.0,132.0,341.0,130.0,327.0,134.0,352.0,,,140.0,174.0,234.0,161.0,,,,367.0,143.0,,,,,,,555.0,179.0,,264.0,327.0,,234.0,471.0,,211.0,209.0,274.0,,268.0,187.0,330.0,151.0,209.0,214.0,166.0,244.0,168.0,142.0,172.0,163.0
task261,a79310a0,47.0,47.0,62.0,47.0,82.0,47.0,47.0,47.0,48.0,47.0,47.0,50.0,47.0,,,,57.0,51.0,56.0,51.0,84.0,50.0,48.0,84.0,73.0,47.0,,59.0,82.0,50.0,82.0,84.0,84.0,47.0,50.0,75.0,50.0,58.0,50.0,72.0,47.0,47.0,56.0,50.0,76.0,47.0,47.0,47.0,47.0
task262,a85d4709,39.0,39.0,42.0,39.0,46.0,39.0,46.0,42.0,42.0,39.0,40.0,42.0,39.0,,,,46.0,43.0,44.0,42.0,46.0,42.0,40.0,46.0,46.0,39.0,,46.0,46.0,,46.0,46.0,46.0,43.0,43.0,43.0,39.0,46.0,42.0,46.0,39.0,40.0,41.0,46.0,46.0,39.0,40.0,39.0,39.0
task263,a87f7484,106.0,106.0,212.0,117.0,199.0,112.0,208.0,,,138.0,124.0,132.0,141.0,,,,215.0,124.0,,,265.0,,112.0,218.0,214.0,146.0,,218.0,199.0,,199.0,218.0,214.0,167.0,199.0,201.0,,199.0,166.0,199.0,124.0,171.0,162.0,161.0,199.0,115.0,119.0,119.0,125.0
task264,a8c38be5,177.0,178.0,331.0,190.0,325.0,189.0,346.0,,,201.0,196.0,249.0,246.0,,,,325.0,236.0,,,,,,,489.0,212.0,,314.0,325.0,,271.0,347.0,,218.0,282.0,326.0,,324.0,257.0,325.0,182.0,267.0,238.0,253.0,323.0,200.0,200.0,234.0,213.0
task265,a8d7556c,104.0,104.0,249.0,118.0,238.0,107.0,260.0,,,132.0,170.0,177.0,142.0,,,,,152.0,,225.0,,,,,268.0,116.0,,244.0,244.0,,200.0,425.0,,204.0,201.0,254.0,,219.0,171.0,244.0,132.0,213.0,212.0,148.0,241.0,137.0,115.0,157.0,162.0
task266,a9f96cdd,88.0,88.0,168.0,99.0,172.0,98.0,172.0,,,109.0,113.0,127.0,117.0,,,,178.0,125.0,,,172.0,150.0,100.0,172.0,172.0,114.0,,154.0,172.0,,172.0,172.0,172.0,130.0,146.0,172.0,,157.0,123.0,172.0,99.0,152.0,133.0,102.0,172.0,98.0,102.0,114.0,103.0
task267,aabf363d,46.0,46.0,72.0,46.0,72.0,46.0,72.0,57.0,58.0,56.0,46.0,56.0,50.0,,,,58.0,51.0,,59.0,72.0,58.0,56.0,72.0,72.0,46.0,,71.0,72.0,56.0,72.0,72.0,72.0,59.0,56.0,72.0,54.0,72.0,59.0,72.0,46.0,67.0,59.0,56.0,72.0,54.0,46.0,46.0,48.0
task268,aba27056,190.0,215.0,357.0,222.0,322.0,190.0,352.0,,,236.0,218.0,306.0,306.0,,,,,270.0,,,,,,,404.0,258.0,,390.0,322.0,,322.0,503.0,,352.0,308.0,340.0,290.0,322.0,245.0,322.0,216.0,317.0,314.0,261.0,322.0,219.0,222.0,217.0,235.0
task269,ac0a08a4,63.0,63.0,92.0,63.0,105.0,63.0,105.0,83.0,,72.0,75.0,80.0,64.0,,,,98.0,82.0,90.0,102.0,105.0,88.0,63.0,105.0,105.0,77.0,,102.0,105.0,,105.0,105.0,105.0,83.0,87.0,98.0,,97.0,82.0,105.0,74.0,95.0,82.0,74.0,105.0,74.0,74.0,64.0,75.0
task270,ae3edfdc,114.0,115.0,240.0,117.0,223.0,115.0,231.0,,,119.0,144.0,135.0,120.0,,,,252.0,131.0,,,,,125.0,,263.0,125.0,,244.0,223.0,,223.0,440.0,,201.0,215.0,230.0,,223.0,158.0,223.0,116.0,184.0,196.0,176.0,223.0,117.0,124.0,122.0,120.0
task271,ae4f1146,86.0,86.0,208.0,86.0,208.0,90.0,208.0,,119.0,94.0,94.0,105.0,105.0,,,,115.0,102.0,,,354.0,105.0,93.0,,208.0,101.0,,152.0,208.0,,208.0,215.0,215.0,97.0,115.0,134.0,,156.0,112.0,208.0,94.0,137.0,136.0,104.0,149.0,101.0,94.0,94.0,94.0
task272,aedd82e4,71.0,88.0,168.0,71.0,168.0,87.0,181.0,,,102.0,98.0,116.0,93.0,,,,181.0,117.0,172.0,,181.0,117.0,99.0,181.0,180.0,98.0,,160.0,181.0,,181.0,181.0,181.0,112.0,164.0,171.0,,168.0,118.0,181.0,100.0,133.0,152.0,125.0,153.0,99.0,100.0,100.0,115.0
task273,af902bf9,75.0,75.0,158.0,81.0,157.0,88.0,244.0,,,100.0,100.0,138.0,132.0,,,,241.0,148.0,,,214.0,,85.0,,312.0,88.0,,205.0,224.0,,171.0,275.0,,155.0,158.0,218.0,,224.0,124.0,224.0,99.0,124.0,109.0,142.0,158.0,105.0,99.0,99.0,144.0
task274,b0c4d837,65.0,70.0,163.0,71.0,165.0,70.0,165.0,75.0,,71.0,71.0,74.0,74.0,,,,123.0,84.0,,105.0,165.0,77.0,71.0,165.0,165.0,71.0,,165.0,165.0,,165.0,165.0,165.0,77.0,99.0,100.0,,139.0,74.0,165.0,67.0,122.0,78.0,82.0,165.0,71.0,70.0,65.0,71.0
task275,b190f7f5,126.0,135.0,199.0,130.0,197.0,134.0,201.0,,,146.0,131.0,182.0,168.0,,,,204.0,160.0,,,201.0,,144.0,201.0,199.0,161.0,,201.0,197.0,,197.0,201.0,201.0,181.0,182.0,186.0,,197.0,152.0,197.0,142.0,156.0,149.0,165.0,197.0,150.0,136.0,126.0,145.0
task276,b1948b0a,37.0,37.0,43.0,38.0,48.0,38.0,38.0,38.0,38.0,38.0,38.0,38.0,38.0,,,,45.0,38.0,38.0,41.0,57.0,38.0,38.0,57.0,53.0,38.0,,43.0,48.0,38.0,48.0,55.0,56.0,38.0,38.0,42.0,38.0,45.0,38.0,45.0,38.0,38.0,38.0,38.0,48.0,38.0,38.0,38.0,38.0
task277,b230c067,109.0,159.0,572.0,155.0,453.0,157.0,468.0,,,184.0,226.0,196.0,189.0,,,,304.0,206.0,,,,,,,407.0,219.0,,455.0,394.0,,244.0,555.0,,243.0,245.0,270.0,,341.0,243.0,453.0,188.0,253.0,252.0,241.0,447.0,178.0,168.0,172.0,200.0
task278,b27ca6d3,104.0,110.0,250.0,116.0,236.0,112.0,250.0,,,118.0,148.0,204.0,104.0,,,,259.0,125.0,,,353.0,,135.0,250.0,248.0,129.0,,250.0,236.0,,239.0,250.0,289.0,223.0,228.0,240.0,,236.0,195.0,239.0,118.0,218.0,206.0,147.0,236.0,133.0,146.0,120.0,118.0
task279,b2862040,106.0,109.0,501.0,107.0,470.0,106.0,507.0,,,120.0,129.0,159.0,106.0,,,,,128.0,,,,,112.0,,411.0,130.0,,427.0,425.0,,240.0,348.0,,288.0,160.0,318.0,,286.0,243.0,472.0,128.0,263.0,147.0,129.0,470.0,128.0,118.0,131.0,114.0
task280,b527c5c6,145.0,145.0,514.0,168.0,899.0,163.0,965.0,,,199.0,195.0,212.0,207.0,,,,266.0,208.0,,,,,182.0,,278.0,171.0,,487.0,622.0,,314.0,390.0,,336.0,244.0,266.0,225.0,320.0,287.0,601.0,170.0,327.0,271.0,222.0,292.0,175.0,176.0,196.0,184.0
task281,b548a754,103.0,123.0,261.0,103.0,253.0,124.0,261.0,,,138.0,155.0,210.0,164.0,,,,234.0,168.0,,,,,154.0,,373.0,184.0,,319.0,253.0,,253.0,373.0,,233.0,202.0,240.0,,253.0,225.0,253.0,167.0,249.0,237.0,150.0,250.0,152.0,149.0,127.0,168.0
task282,b60334d2,74.0,74.0,156.0,76.0,156.0,83.0,156.0,,,99.0,106.0,106.0,89.0,,,,156.0,115.0,,117.0,156.0,110.0,100.0,156.0,156.0,112.0,,148.0,156.0,,156.0,156.0,156.0,119.0,156.0,156.0,,156.0,122.0,156.0,104.0,121.0,140.0,119.0,156.0,97.0,101.0,100.0,117.0
task283,b6afb2da,72.0,82.0,292.0,72.0,266.0,79.0,208.0,,,105.0,113.0,109.0,86.0,,,,211.0,112.0,,,361.0,,94.0,292.0,285.0,111.0,,187.0,266.0,,266.0,292.0,312.0,145.0,142.0,276.0,,182.0,111.0,266.0,104.0,178.0,152.0,129.0,251.0,107.0,96.0,104.0,107.0
task284,b7249182,195.0,205.0,421.0,204.0,921.0,195.0,1111.0,,,218.0,217.0,271.0,249.0,,,,299.0,262.0,,,,,248.0,,300.0,244.0,,377.0,345.0,,271.0,318.0,,277.0,284.0,295.0,,305.0,259.0,386.0,232.0,306.0,273.0,261.0,267.0,218.0,224.0,235.0,251.0
task285,b775ac94,222.0,226.0,408.0,272.0,407.0,248.0,1262.0,,,296.0,298.0,357.0,311.0,,,,,308.0,,,,,,,858.0,294.0,,513.0,566.0,,406.0,669.0,,370.0,362.0,385.0,,407.0,364.0,406.0,264.0,351.0,294.0,283.0,326.0,259.0,234.0,271.0,322.0
task286,b782dc8a,104.0,105.0,299.0,104.0,267.0,106.0,290.0,,,113.0,124.0,114.0,107.0,,,,301.0,116.0,,,401.0,,109.0,,287.0,115.0,,244.0,267.0,,267.0,252.0,,236.0,140.0,281.0,,267.0,130.0,267.0,112.0,246.0,133.0,130.0,267.0,111.0,110.0,125.0,117.0
task287,b8825c91,53.0,53.0,149.0,55.0,149.0,56.0,85.0,,,69.0,73.0,73.0,69.0,,,,78.0,76.0,78.0,76.0,289.0,76.0,60.0,214.0,215.0,72.0,,113.0,149.0,,149.0,205.0,,76.0,75.0,149.0,,115.0,84.0,149.0,66.0,76.0,76.0,75.0,149.0,56.0,66.0,58.0,66.0
task288,b8cdaf2b,85.0,86.0,119.0,91.0,119.0,87.0,119.0,,,88.0,86.0,111.0,111.0,,,,156.0,94.0,,,,,88.0,,217.0,94.0,,162.0,119.0,,111.0,97.0,,93.0,94.0,116.0,,118.0,105.0,119.0,86.0,119.0,88.0,96.0,119.0,109.0,86.0,88.0,87.0
task289,b91ae062,63.0,63.0,92.0,63.0,92.0,63.0,92.0,83.0,,72.0,75.0,80.0,64.0,,,,98.0,82.0,,92.0,105.0,,63.0,105.0,105.0,77.0,,105.0,92.0,,92.0,92.0,105.0,83.0,87.0,92.0,,92.0,79.0,92.0,74.0,92.0,83.0,74.0,92.0,74.0,74.0,67.0,81.0
task290,b94a9452,65.0,65.0,111.0,68.0,111.0,67.0,111.0,72.0,,69.0,70.0,70.0,69.0,,,,245.0,70.0,128.0,99.0,241.0,70.0,69.0,240.0,241.0,70.0,,194.0,111.0,,111.0,134.0,249.0,82.0,70.0,111.0,,109.0,70.0,111.0,70.0,70.0,70.0,70.0,111.0,69.0,70.0,70.0,70.0
task291,b9b7f026,59.0,61.0,106.0,59.0,110.0,61.0,111.0,84.0,62.0,70.0,69.0,81.0,70.0,,,,93.0,70.0,69.0,105.0,242.0,81.0,71.0,,171.0,75.0,,194.0,110.0,,110.0,105.0,194.0,107.0,81.0,110.0,,107.0,71.0,110.0,62.0,84.0,107.0,89.0,110.0,62.0,62.0,63.0,72.0
task292,ba26e723,51.0,52.0,66.0,51.0,69.0,52.0,70.0,,61.0,56.0,59.0,63.0,56.0,,,,66.0,61.0,64.0,63.0,73.0,64.0,56.0,73.0,73.0,61.0,,67.0,69.0,,69.0,66.0,73.0,59.0,61.0,69.0,58.0,66.0,64.0,69.0,56.0,61.0,61.0,63.0,69.0,56.0,56.0,56.0,57.0
task293,ba97ae07,59.0,60.0,98.0,60.0,108.0,59.0,108.0,,87.0,69.0,60.0,60.0,66.0,,,,123.0,66.0,,97.0,177.0,73.0,60.0,177.0,177.0,67.0,,177.0,108.0,,108.0,95.0,177.0,105.0,80.0,108.0,,108.0,67.0,108.0,60.0,97.0,67.0,84.0,108.0,60.0,60.0,60.0,60.0
task294,bb43febb,70.0,70.0,120.0,70.0,120.0,70.0,120.0,101.0,,70.0,76.0,76.0,76.0,,,,175.0,76.0,107.0,188.0,175.0,98.0,,175.0,175.0,70.0,,150.0,120.0,,120.0,112.0,175.0,112.0,108.0,120.0,,116.0,112.0,120.0,82.0,113.0,85.0,70.0,106.0,70.0,70.0,70.0,76.0
task295,bbc9ae5d,54.0,54.0,106.0,54.0,106.0,54.0,106.0,60.0,63.0,59.0,58.0,63.0,62.0,,,,198.0,54.0,,69.0,,69.0,54.0,,180.0,60.0,,96.0,106.0,,106.0,92.0,187.0,63.0,75.0,79.0,63.0,98.0,65.0,106.0,54.0,106.0,79.0,64.0,106.0,60.0,54.0,54.0,54.0
task296,bc1d5164,55.0,55.0,92.0,62.0,92.0,60.0,98.0,73.0,,63.0,62.0,63.0,60.0,,,,129.0,63.0,71.0,84.0,126.0,73.0,68.0,126.0,126.0,63.0,,108.0,98.0,,98.0,126.0,126.0,63.0,85.0,85.0,,94.0,76.0,98.0,66.0,73.0,75.0,63.0,92.0,63.0,62.0,63.0,66.0
task297,bd4472b8,43.0,43.0,72.0,43.0,72.0,43.0,72.0,47.0,47.0,43.0,43.0,47.0,43.0,,,,47.0,44.0,47.0,79.0,103.0,47.0,43.0,103.0,103.0,43.0,,60.0,72.0,,72.0,63.0,103.0,47.0,47.0,72.0,47.0,54.0,44.0,72.0,43.0,43.0,43.0,47.0,72.0,43.0,43.0,43.0,43.0
task298,bda2d7a6,54.0,55.0,104.0,55.0,104.0,55.0,104.0,,60.0,58.0,55.0,72.0,58.0,,,,95.0,57.0,,60.0,117.0,72.0,55.0,117.0,117.0,58.0,,110.0,104.0,,104.0,95.0,117.0,60.0,95.0,99.0,58.0,104.0,79.0,104.0,54.0,95.0,80.0,60.0,104.0,55.0,55.0,55.0,58.0
task299,bdad9b1f,54.0,54.0,138.0,54.0,138.0,54.0,138.0,56.0,,54.0,54.0,68.0,58.0,,,,226.0,69.0,,68.0,193.0,69.0,54.0,221.0,224.0,54.0,,178.0,138.0,,138.0,172.0,,54.0,71.0,99.0,54.0,134.0,68.0,138.0,54.0,55.0,59.0,54.0,138.0,57.0,54.0,54.0,60.0
task300,be94b721,87.0,87.0,168.0,87.0,168.0,87.0,168.0,,91.0,91.0,92.0,94.0,90.0,,,,124.0,101.0,139.0,218.0,328.0,94.0,87.0,275.0,275.0,95.0,,247.0,168.0,,168.0,186.0,279.0,117.0,105.0,168.0,,102.0,99.0,168.0,94.0,164.0,106.0,98.0,142.0,97.0,94.0,93.0,104.0
task301,beb8660c,31.0,31.0,37.0,31.0,38.0,31.0,31.0,31.0,31.0,31.0,31.0,31.0,31.0,,,,31.0,31.0,98.0,31.0,243.0,32.0,31.0,243.0,243.0,31.0,,243.0,37.0,31.0,38.0,243.0,31.0,31.0,31.0,32.0,31.0,32.0,31.0,38.0,31.0,31.0,31.0,31.0,38.0,31.0,31.0,31.0,31.0
task302,c0f76784,89.0,89.0,336.0,91.0,381.0,89.0,407.0,,,107.0,124.0,143.0,93.0,,,,212.0,107.0,,,217.0,157.0,112.0,409.0,293.0,93.0,,281.0,402.0,,143.0,409.0,142.0,162.0,202.0,297.0,,168.0,161.0,405.0,115.0,156.0,173.0,128.0,273.0,101.0,106.0,109.0,126.0
task303,c1d99e64,62.0,62.0,175.0,64.0,176.0,63.0,125.0,68.0,75.0,65.0,65.0,70.0,63.0,,,,115.0,65.0,93.0,135.0,150.0,70.0,64.0,176.0,176.0,64.0,,71.0,176.0,,176.0,176.0,176.0,70.0,78.0,121.0,,138.0,72.0,176.0,64.0,66.0,64.0,71.0,83.0,64.0,64.0,63.0,64.0
task304,c3e719e8,92.0,92.0,245.0,92.0,237.0,92.0,246.0,,101.0,92.0,93.0,93.0,92.0,,,,101.0,93.0,105.0,,246.0,93.0,92.0,246.0,242.0,92.0,,112.0,237.0,,237.0,246.0,246.0,104.0,93.0,120.0,,112.0,93.0,237.0,92.0,104.0,93.0,93.0,107.0,92.0,93.0,92.0,93.0
task305,c3f564a4,56.0,57.0,171.0,57.0,187.0,60.0,86.0,,77.0,64.0,64.0,64.0,57.0,,,164.0,73.0,64.0,,,191.0,64.0,56.0,191.0,191.0,64.0,,85.0,187.0,,64.0,191.0,191.0,57.0,64.0,180.0,,119.0,66.0,187.0,57.0,64.0,64.0,64.0,64.0,63.0,57.0,57.0,64.0
task306,c444b776,63.0,63.0,283.0,63.0,263.0,64.0,263.0,,99.0,63.0,79.0,101.0,83.0,,,,232.0,99.0,,,596.0,101.0,82.0,,178.0,74.0,,287.0,263.0,,108.0,290.0,,99.0,89.0,132.0,,168.0,99.0,263.0,66.0,120.0,126.0,84.0,230.0,74.0,75.0,88.0,89.0
task307,c59eb873,46.0,46.0,61.0,46.0,73.0,50.0,64.0,53.0,63.0,51.0,50.0,51.0,51.0,,,,63.0,51.0,71.0,74.0,66.0,55.0,54.0,66.0,77.0,51.0,,64.0,65.0,,54.0,94.0,55.0,54.0,61.0,62.0,50.0,69.0,55.0,73.0,50.0,61.0,51.0,52.0,73.0,53.0,50.0,50.0,50.0
task308,c8cbb738,188.0,227.0,435.0,205.0,403.0,202.0,326.0,,357.0,248.0,209.0,310.0,252.0,,,,381.0,279.0,,,,,247.0,,408.0,253.0,,442.0,348.0,,310.0,423.0,,310.0,292.0,299.0,,355.0,295.0,404.0,215.0,283.0,287.0,258.0,346.0,244.0,195.0,192.0,256.0
task309,c8f0f002,36.0,36.0,44.0,38.0,45.0,38.0,38.0,38.0,38.0,38.0,38.0,38.0,38.0,,,,45.0,39.0,38.0,45.0,45.0,38.0,38.0,45.0,45.0,38.0,,45.0,45.0,38.0,45.0,45.0,45.0,38.0,38.0,45.0,38.0,45.0,38.0,45.0,38.0,38.0,38.0,38.0,45.0,38.0,38.0,38.0,38.0
task310,c909285e,70.0,78.0,276.0,70.0,264.0,81.0,283.0,,,87.0,92.0,85.0,81.0,,,,109.0,88.0,,171.0,330.0,,81.0,283.0,286.0,88.0,,226.0,264.0,,264.0,283.0,217.0,109.0,102.0,215.0,,185.0,110.0,255.0,95.0,153.0,121.0,91.0,196.0,95.0,88.0,85.0,90.0
task311,c9e6f938,32.0,32.0,32.0,32.0,32.0,32.0,32.0,32.0,32.0,32.0,32.0,32.0,32.0,,,,32.0,32.0,32.0,32.0,32.0,32.0,32.0,32.0,32.0,32.0,,32.0,32.0,32.0,32.0,32.0,32.0,32.0,32.0,32.0,32.0,32.0,32.0,32.0,32.0,32.0,32.0,32.0,32.0,32.0,32.0,32.0,32.0
task312,c9f8e694,44.0,44.0,80.0,44.0,80.0,44.0,45.0,45.0,45.0,44.0,45.0,45.0,44.0,,,,45.0,45.0,45.0,45.0,103.0,45.0,45.0,103.0,103.0,45.0,,49.0,103.0,49.0,103.0,103.0,103.0,45.0,45.0,45.0,44.0,97.0,45.0,103.0,44.0,45.0,45.0,45.0,103.0,45.0,45.0,44.0,44.0
task313,caa06a1f,61.0,61.0,222.0,62.0,215.0,63.0,183.0,88.0,,64.0,66.0,70.0,66.0,,,,228.0,69.0,98.0,,224.0,71.0,65.0,224.0,224.0,66.0,,196.0,215.0,,215.0,224.0,224.0,73.0,69.0,89.0,,85.0,93.0,214.0,64.0,85.0,81.0,72.0,109.0,71.0,64.0,71.0,65.0
task314,cbded52d,82.0,84.0,249.0,82.0,376.0,96.0,436.0,,,96.0,97.0,113.0,95.0,,,,186.0,138.0,105.0,,,113.0,101.0,,375.0,109.0,,229.0,304.0,,165.0,297.0,,141.0,172.0,192.0,,218.0,150.0,287.0,97.0,179.0,150.0,135.0,139.0,111.0,106.0,93.0,97.0
task315,cce03e0d,63.0,63.0,76.0,63.0,76.0,63.0,76.0,63.0,64.0,63.0,64.0,64.0,63.0,,,,73.0,64.0,76.0,74.0,76.0,64.0,64.0,76.0,76.0,64.0,,76.0,76.0,,76.0,76.0,76.0,64.0,64.0,76.0,,76.0,64.0,76.0,64.0,64.0,64.0,64.0,76.0,64.0,64.0,63.0,64.0
task316,cdecee7f,71.0,71.0,139.0,71.0,139.0,71.0,127.0,,,71.0,71.0,76.0,75.0,,,,97.0,71.0,108.0,156.0,145.0,81.0,75.0,145.0,145.0,71.0,,104.0,145.0,,145.0,145.0,146.0,75.0,83.0,106.0,,132.0,76.0,145.0,71.0,72.0,71.0,78.0,145.0,71.0,71.0,71.0,71.0
task317,ce22a75a,43.0,43.0,205.0,43.0,193.0,53.0,125.0,59.0,,59.0,63.0,67.0,59.0,,,,78.0,67.0,67.0,110.0,211.0,68.0,67.0,206.0,205.0,59.0,,72.0,193.0,,193.0,206.0,148.0,64.0,70.0,71.0,,116.0,90.0,193.0,59.0,64.0,71.0,67.0,142.0,61.0,59.0,59.0,59.0
task318,ce4f8723,54.0,54.0,80.0,54.0,80.0,54.0,84.0,60.0,66.0,60.0,58.0,61.0,58.0,,,,71.0,60.0,,69.0,84.0,63.0,60.0,84.0,84.0,58.0,,84.0,82.0,68.0,82.0,68.0,84.0,58.0,69.0,70.0,62.0,73.0,64.0,78.0,58.0,72.0,60.0,62.0,80.0,59.0,58.0,54.0,58.0
task319,ce602527,194.0,203.0,498.0,235.0,475.0,194.0,707.0,,,274.0,296.0,339.0,283.0,,,,,297.0,,,,,,3925.0,767.0,272.0,,431.0,642.0,,350.0,464.0,,414.0,330.0,346.0,,348.0,397.0,642.0,282.0,446.0,347.0,337.0,481.0,257.0,273.0,211.0,274.0
task320,ce9e57f2,65.0,65.0,141.0,66.0,160.0,66.0,160.0,83.0,,68.0,69.0,70.0,66.0,,,,97.0,91.0,,,160.0,70.0,81.0,160.0,160.0,69.0,,124.0,160.0,,160.0,160.0,160.0,87.0,94.0,127.0,,101.0,87.0,160.0,66.0,120.0,70.0,92.0,160.0,66.0,67.0,84.0,67.0
task321,cf98881b,54.0,54.0,150.0,55.0,150.0,54.0,150.0,61.0,64.0,57.0,55.0,63.0,58.0,,,,63.0,62.0,68.0,65.0,150.0,65.0,63.0,150.0,150.0,63.0,,88.0,150.0,,150.0,150.0,150.0,63.0,63.0,101.0,64.0,85.0,64.0,150.0,55.0,62.0,63.0,65.0,65.0,56.0,55.0,54.0,63.0
task322,d037b0a7,45.0,48.0,132.0,48.0,132.0,48.0,86.0,48.0,67.0,48.0,45.0,49.0,48.0,,,,51.0,52.0,70.0,76.0,148.0,49.0,48.0,148.0,148.0,48.0,,81.0,148.0,65.0,148.0,148.0,148.0,49.0,51.0,75.0,51.0,85.0,53.0,148.0,48.0,51.0,60.0,69.0,108.0,48.0,45.0,48.0,48.0
task323,d06dbe63,100.0,106.0,260.0,104.0,245.0,100.0,252.0,,,119.0,133.0,141.0,143.0,,,,283.0,140.0,,350.0,340.0,,,274.0,265.0,140.0,,246.0,245.0,,245.0,274.0,359.0,153.0,192.0,208.0,,239.0,150.0,245.0,112.0,149.0,160.0,149.0,245.0,124.0,131.0,131.0,114.0
task324,d07ae81c,207.0,225.0,819.0,227.0,888.0,222.0,318.0,,,242.0,266.0,349.0,313.0,,,,408.0,226.0,,,,,,,488.0,266.0,,412.0,562.0,,392.0,458.0,,342.0,340.0,448.0,,397.0,331.0,491.0,220.0,377.0,272.0,333.0,301.0,240.0,216.0,235.0,302.0
task325,d0f5fe59,139.0,152.0,258.0,140.0,236.0,154.0,251.0,,,180.0,185.0,214.0,169.0,,,,266.0,181.0,,387.0,270.0,,157.0,258.0,251.0,172.0,,242.0,236.0,,236.0,258.0,277.0,213.0,234.0,250.0,,233.0,191.0,236.0,151.0,213.0,208.0,205.0,236.0,179.0,169.0,162.0,184.0
task326,d10ecb37,30.0,30.0,32.0,30.0,32.0,30.0,30.0,30.0,30.0,30.0,30.0,30.0,30.0,,,,32.0,30.0,,32.0,32.0,30.0,30.0,32.0,32.0,30.0,,31.0,32.0,30.0,32.0,32.0,32.0,30.0,30.0,32.0,30.0,32.0,32.0,32.0,30.0,30.0,30.0,30.0,32.0,30.0,30.0,30.0,30.0
task327,d13f3404,67.0,67.0,67.0,67.0,67.0,67.0,142.0,74.0,,67.0,67.0,67.0,67.0,,,,142.0,67.0,88.0,108.0,142.0,74.0,67.0,142.0,142.0,67.0,,109.0,141.0,,141.0,142.0,142.0,86.0,67.0,139.0,,68.0,67.0,67.0,67.0,67.0,67.0,67.0,67.0,67.0,67.0,67.0,67.0
task328,d22278a0,158.0,163.0,175.0,158.0,175.0,160.0,175.0,,,169.0,169.0,169.0,169.0,,,,176.0,171.0,,,,175.0,166.0,,288.0,169.0,175.0,175.0,175.0,,175.0,280.0,,171.0,175.0,175.0,,175.0,168.0,175.0,166.0,175.0,175.0,175.0,175.0,170.0,166.0,167.0,167.0
task329,d23f8c26,54.0,54.0,103.0,54.0,103.0,54.0,104.0,56.0,56.0,54.0,54.0,54.0,54.0,,,,71.0,55.0,72.0,64.0,104.0,54.0,54.0,104.0,104.0,54.0,,71.0,103.0,54.0,103.0,104.0,104.0,54.0,54.0,65.0,54.0,84.0,55.0,93.0,54.0,54.0,54.0,54.0,103.0,54.0,54.0,54.0,54.0
task330,d2abd087,110.0,116.0,172.0,110.0,172.0,114.0,322.0,,,136.0,137.0,140.0,141.0,,,,296.0,135.0,,,356.0,,140.0,,398.0,135.0,,271.0,368.0,,203.0,292.0,,214.0,172.0,237.0,,254.0,198.0,383.0,133.0,168.0,146.0,207.0,140.0,132.0,135.0,135.0,135.0
task331,d364b489,82.0,82.0,207.0,83.0,198.0,83.0,207.0,,,83.0,87.0,105.0,86.0,,,,218.0,88.0,152.0,,207.0,,100.0,207.0,207.0,87.0,,170.0,198.0,,198.0,207.0,207.0,136.0,89.0,154.0,,159.0,119.0,184.0,82.0,156.0,140.0,88.0,136.0,85.0,83.0,83.0,96.0
task332,d406998b,58.0,58.0,105.0,58.0,106.0,58.0,106.0,73.0,67.0,64.0,64.0,67.0,66.0,,,,84.0,66.0,79.0,72.0,106.0,69.0,61.0,106.0,106.0,67.0,,75.0,106.0,,106.0,106.0,106.0,67.0,70.0,71.0,,81.0,65.0,106.0,64.0,79.0,72.0,71.0,106.0,59.0,62.0,64.0,63.0
task333,d43fd935,83.0,83.0,226.0,89.0,217.0,89.0,229.0,,,101.0,118.0,101.0,90.0,,,,199.0,105.0,,,424.0,104.0,100.0,,267.0,107.0,,229.0,217.0,,212.0,303.0,,143.0,149.0,157.0,,153.0,134.0,217.0,103.0,169.0,149.0,103.0,202.0,101.0,94.0,101.0,103.0
task334,d4469b4b,65.0,65.0,122.0,69.0,141.0,66.0,109.0,81.0,80.0,73.0,76.0,78.0,78.0,,,,96.0,75.0,,86.0,141.0,89.0,75.0,141.0,117.0,70.0,,104.0,141.0,,141.0,141.0,141.0,79.0,86.0,89.0,,91.0,83.0,141.0,70.0,78.0,75.0,73.0,141.0,73.0,70.0,73.0,73.0
task335,d4a91cb9,105.0,106.0,206.0,110.0,206.0,105.0,206.0,,,115.0,149.0,175.0,132.0,,,,210.0,127.0,,174.0,206.0,,159.0,206.0,206.0,146.0,,206.0,206.0,,206.0,206.0,206.0,171.0,206.0,206.0,,206.0,146.0,206.0,120.0,155.0,157.0,127.0,206.0,110.0,120.0,120.0,128.0
task336,d4f3cd78,81.0,88.0,243.0,90.0,243.0,86.0,379.0,,,106.0,196.0,115.0,112.0,,,,269.0,127.0,,303.0,443.0,,136.0,379.0,343.0,121.0,,271.0,351.0,,250.0,379.0,,181.0,138.0,258.0,,240.0,245.0,351.0,120.0,243.0,143.0,117.0,243.0,112.0,111.0,110.0,113.0
task337,d511f180,43.0,43.0,46.0,43.0,51.0,43.0,48.0,48.0,48.0,46.0,48.0,48.0,46.0,,,,51.0,51.0,,54.0,51.0,48.0,48.0,51.0,51.0,48.0,,49.0,51.0,54.0,51.0,51.0,51.0,48.0,51.0,51.0,46.0,51.0,48.0,51.0,47.0,48.0,48.0,51.0,51.0,48.0,48.0,47.0,48.0
task338,d5d6de2d,62.0,64.0,157.0,65.0,157.0,62.0,263.0,,,66.0,94.0,80.0,64.0,,,,240.0,103.0,,104.0,354.0,,76.0,278.0,258.0,75.0,,218.0,255.0,,255.0,278.0,,205.0,157.0,263.0,,157.0,97.0,157.0,65.0,141.0,125.0,109.0,157.0,75.0,67.0,77.0,103.0
task339,d631b094,37.0,37.0,39.0,37.0,39.0,37.0,37.0,37.0,43.0,37.0,37.0,37.0,37.0,,,,37.0,37.0,,39.0,39.0,37.0,37.0,39.0,39.0,37.0,,39.0,39.0,37.0,39.0,39.0,39.0,37.0,37.0,39.0,37.0,39.0,37.0,39.0,37.0,37.0,37.0,37.0,39.0,37.0,37.0,37.0,37.0
task340,d687bc17,111.0,113.0,230.0,112.0,215.0,111.0,228.0,,,132.0,131.0,155.0,146.0,,,,230.0,176.0,,,307.0,,132.0,,258.0,153.0,,197.0,215.0,,200.0,250.0,,203.0,144.0,194.0,,215.0,181.0,215.0,138.0,197.0,190.0,158.0,215.0,114.0,138.0,149.0,145.0
task341,d6ad076f,108.0,108.0,238.0,115.0,226.0,114.0,236.0,,,121.0,154.0,133.0,115.0,,,,234.0,137.0,325.0,,,,148.0,,444.0,157.0,,301.0,226.0,,231.0,319.0,,165.0,171.0,226.0,,226.0,205.0,226.0,138.0,209.0,230.0,204.0,226.0,129.0,128.0,135.0,153.0
task342,d89b689b,106.0,107.0,220.0,108.0,207.0,106.0,214.0,,,117.0,130.0,180.0,130.0,,,,290.0,136.0,,136.0,306.0,,126.0,284.0,281.0,136.0,,227.0,207.0,,207.0,284.0,301.0,135.0,199.0,210.0,,203.0,140.0,207.0,124.0,162.0,139.0,155.0,207.0,111.0,128.0,125.0,138.0
task343,d8c310e9,63.0,64.0,65.0,64.0,65.0,63.0,363.0,,,65.0,65.0,65.0,65.0,,,147.0,228.0,65.0,146.0,,,,76.0,,257.0,65.0,,190.0,65.0,65.0,157.0,389.0,,102.0,65.0,216.0,,65.0,65.0,65.0,65.0,65.0,65.0,65.0,65.0,65.0,65.0,65.0,65.0
task344,d90796e8,74.0,77.0,190.0,74.0,190.0,77.0,190.0,,,79.0,79.0,80.0,78.0,,,,195.0,79.0,,,190.0,,78.0,190.0,190.0,78.0,,190.0,190.0,,190.0,190.0,190.0,156.0,79.0,190.0,,190.0,147.0,190.0,77.0,95.0,120.0,79.0,190.0,78.0,79.0,77.0,79.0
task345,d9f24cd1,89.0,90.0,155.0,89.0,155.0,90.0,155.0,,,93.0,100.0,133.0,93.0,,,,170.0,101.0,140.0,131.0,163.0,,95.0,163.0,163.0,105.0,,127.0,155.0,,155.0,163.0,163.0,150.0,145.0,155.0,,155.0,127.0,155.0,95.0,128.0,112.0,103.0,155.0,108.0,95.0,95.0,110.0
task346,d9fac9be,52.0,55.0,133.0,52.0,133.0,58.0,147.0,,,55.0,77.0,113.0,55.0,,,,247.0,73.0,,143.0,244.0,,68.0,244.0,242.0,73.0,,166.0,179.0,,179.0,244.0,180.0,107.0,133.0,166.0,,128.0,118.0,129.0,67.0,128.0,121.0,88.0,133.0,56.0,88.0,69.0,71.0
task347,dae9d2b5,50.0,50.0,120.0,50.0,120.0,50.0,120.0,54.0,54.0,50.0,50.0,56.0,50.0,,,,61.0,54.0,65.0,57.0,120.0,56.0,50.0,120.0,120.0,50.0,,63.0,120.0,,120.0,120.0,120.0,54.0,57.0,57.0,56.0,57.0,57.0,120.0,50.0,54.0,54.0,56.0,57.0,53.0,54.0,50.0,50.0
task348,db3e9e38,88.0,88.0,221.0,94.0,206.0,92.0,216.0,,,105.0,103.0,110.0,110.0,,,,228.0,114.0,,,183.0,,106.0,221.0,221.0,106.0,,155.0,206.0,,206.0,221.0,221.0,119.0,119.0,147.0,,199.0,114.0,206.0,101.0,154.0,126.0,109.0,144.0,101.0,101.0,103.0,110.0
task349,db93a21d,162.0,172.0,453.0,203.0,529.0,192.0,583.0,,,228.0,214.0,303.0,213.0,,,,330.0,255.0,,,,,,,525.0,221.0,,414.0,412.0,,343.0,517.0,,297.0,277.0,318.0,,309.0,310.0,469.0,214.0,323.0,275.0,262.0,296.0,205.0,223.0,192.0,244.0
task350,dbc1a6ce,89.0,91.0,275.0,89.0,244.0,92.0,267.0,,,100.0,103.0,100.0,96.0,,,,276.0,114.0,153.0,,348.0,101.0,96.0,273.0,273.0,100.0,,223.0,244.0,,244.0,273.0,406.0,122.0,103.0,184.0,,158.0,105.0,244.0,99.0,147.0,133.0,97.0,226.0,102.0,97.0,101.0,105.0
task351,dc0a314f,66.0,67.0,248.0,66.0,248.0,67.0,265.0,93.0,,67.0,70.0,80.0,67.0,,,,82.0,82.0,,85.0,423.0,80.0,69.0,272.0,268.0,67.0,,200.0,248.0,,248.0,276.0,,80.0,82.0,246.0,,86.0,69.0,248.0,67.0,183.0,86.0,68.0,140.0,70.0,67.0,67.0,67.0
task352,dc1df850,82.0,82.0,228.0,82.0,211.0,82.0,179.0,,,88.0,105.0,106.0,83.0,,,,232.0,108.0,,,250.0,112.0,84.0,231.0,228.0,91.0,,148.0,211.0,,211.0,231.0,223.0,108.0,170.0,193.0,,210.0,109.0,214.0,105.0,108.0,119.0,118.0,137.0,90.0,90.0,91.0,108.0
task353,dc433765,83.0,87.0,144.0,83.0,144.0,83.0,144.0,,140.0,111.0,125.0,126.0,85.0,,,,144.0,125.0,217.0,126.0,144.0,126.0,115.0,144.0,144.0,126.0,,144.0,144.0,,144.0,144.0,144.0,127.0,128.0,144.0,,136.0,127.0,144.0,124.0,129.0,131.0,127.0,144.0,107.0,123.0,124.0,126.0
task354,ddf7fa4f,91.0,96.0,216.0,96.0,217.0,96.0,227.0,,,106.0,107.0,103.0,106.0,,,,232.0,108.0,187.0,,236.0,112.0,103.0,227.0,227.0,111.0,,227.0,217.0,,217.0,227.0,244.0,117.0,110.0,225.0,,217.0,157.0,217.0,96.0,185.0,113.0,121.0,216.0,101.0,92.0,92.0,108.0
task355,de1cd16c,95.0,98.0,305.0,101.0,272.0,95.0,298.0,,,105.0,112.0,184.0,110.0,,,,232.0,131.0,,,,,103.0,,407.0,118.0,,219.0,272.0,,272.0,364.0,,227.0,166.0,249.0,,220.0,127.0,272.0,116.0,133.0,146.0,110.0,272.0,103.0,102.0,110.0,112.0
task356,ded97339,92.0,92.0,249.0,100.0,238.0,105.0,256.0,,,110.0,108.0,119.0,105.0,,,,255.0,108.0,,319.0,323.0,,105.0,256.0,263.0,105.0,,210.0,230.0,,238.0,256.0,344.0,142.0,181.0,206.0,,238.0,137.0,238.0,108.0,108.0,117.0,114.0,238.0,105.0,108.0,108.0,108.0
task357,e179c5f4,81.0,84.0,141.0,86.0,175.0,86.0,176.0,,,86.0,85.0,94.0,93.0,,,,186.0,103.0,,,176.0,,97.0,176.0,176.0,88.0,,125.0,175.0,,175.0,179.0,179.0,86.0,102.0,104.0,,115.0,95.0,175.0,81.0,108.0,97.0,99.0,132.0,94.0,85.0,85.0,85.0
task358,e21d9049,90.0,90.0,213.0,91.0,213.0,91.0,213.0,,,111.0,111.0,111.0,92.0,,,,219.0,119.0,319.0,,,112.0,114.0,,418.0,113.0,,190.0,213.0,,213.0,401.0,,128.0,125.0,213.0,,195.0,112.0,213.0,110.0,126.0,133.0,129.0,213.0,116.0,110.0,106.0,118.0
task359,e26a3af2,64.0,64.0,64.0,64.0,64.0,64.0,235.0,,,64.0,64.0,64.0,64.0,,,,207.0,64.0,,67.0,,96.0,64.0,,226.0,64.0,,186.0,158.0,,233.0,260.0,,128.0,64.0,186.0,,64.0,64.0,64.0,64.0,64.0,64.0,64.0,64.0,64.0,64.0,64.0,64.0
task360,e3497940,45.0,45.0,106.0,45.0,106.0,45.0,109.0,45.0,53.0,45.0,45.0,45.0,45.0,,,,55.0,46.0,53.0,53.0,109.0,52.0,45.0,109.0,109.0,45.0,,64.0,108.0,52.0,52.0,109.0,109.0,45.0,52.0,83.0,52.0,55.0,45.0,108.0,45.0,45.0,45.0,52.0,106.0,45.0,45.0,45.0,45.0
task361,e40b9e2f,183.0,203.0,221.0,185.0,221.0,186.0,221.0,,,194.0,196.0,221.0,193.0,,,,229.0,219.0,,,847.0,,,472.0,478.0,219.0,221.0,228.0,221.0,,221.0,472.0,,236.0,221.0,221.0,,221.0,236.0,221.0,204.0,220.0,225.0,221.0,221.0,211.0,208.0,205.0,215.0
task362,e48d4e1a,67.0,69.0,127.0,69.0,127.0,69.0,219.0,,,69.0,82.0,81.0,73.0,,,,144.0,90.0,100.0,118.0,,90.0,77.0,,258.0,76.0,,223.0,209.0,,95.0,283.0,,89.0,104.0,134.0,,127.0,77.0,127.0,67.0,124.0,90.0,74.0,127.0,75.0,72.0,67.0,87.0
task363,e5062a87,175.0,175.0,420.0,204.0,381.0,203.0,408.0,,,217.0,261.0,217.0,217.0,,,,418.0,278.0,,,517.0,,,420.0,418.0,253.0,,352.0,381.0,,384.0,420.0,559.0,320.0,303.0,311.0,,364.0,277.0,384.0,214.0,319.0,289.0,239.0,326.0,205.0,210.0,216.0,238.0
task364,e509e548,133.0,133.0,621.0,134.0,612.0,149.0,651.0,,,171.0,222.0,233.0,179.0,,,,385.0,217.0,,,,,,,479.0,226.0,,344.0,433.0,,233.0,362.0,,284.0,287.0,358.0,,311.0,241.0,457.0,149.0,339.0,268.0,232.0,347.0,156.0,219.0,242.0,166.0
task365,e50d258f,111.0,111.0,250.0,111.0,176.0,112.0,266.0,,,123.0,141.0,164.0,137.0,,,,266.0,130.0,,,309.0,,123.0,266.0,270.0,123.0,,285.0,243.0,,243.0,266.0,,160.0,176.0,251.0,,243.0,157.0,243.0,119.0,176.0,209.0,132.0,176.0,121.0,126.0,126.0,150.0
task366,e6721834,295.0,331.0,385.0,301.0,374.0,337.0,374.0,,,374.0,374.0,374.0,374.0,,,,388.0,372.0,,,,,,,1058.0,372.0,374.0,764.0,374.0,,374.0,385.0,,429.0,374.0,374.0,,374.0,401.0,374.0,372.0,372.0,382.0,374.0,374.0,328.0,367.0,370.0,370.0
task367,e73095fd,125.0,135.0,604.0,126.0,558.0,128.0,586.0,,,129.0,230.0,256.0,127.0,,,,,136.0,,,,,,,629.0,131.0,,321.0,511.0,,398.0,442.0,,405.0,201.0,382.0,,266.0,318.0,511.0,126.0,275.0,256.0,204.0,558.0,129.0,130.0,223.0,137.0
task368,e76a88a6,123.0,135.0,283.0,129.0,261.0,136.0,274.0,,,172.0,150.0,143.0,143.0,,,,285.0,175.0,,293.0,366.0,,173.0,280.0,283.0,167.0,,280.0,261.0,,261.0,280.0,334.0,165.0,233.0,274.0,,261.0,241.0,261.0,142.0,211.0,224.0,161.0,260.0,149.0,140.0,152.0,145.0
task369,e8593010,109.0,109.0,266.0,109.0,262.0,109.0,282.0,,,129.0,136.0,150.0,112.0,,,,306.0,144.0,,227.0,338.0,,125.0,302.0,306.0,121.0,,249.0,272.0,,272.0,302.0,,209.0,189.0,229.0,,248.0,211.0,272.0,131.0,210.0,194.0,143.0,236.0,124.0,141.0,124.0,136.0
task370,e8dc4411,159.0,159.0,527.0,227.0,547.0,164.0,719.0,,,266.0,250.0,256.0,255.0,,,,344.0,257.0,,,,,,,658.0,230.0,,426.0,539.0,,256.0,368.0,,277.0,271.0,324.0,,355.0,256.0,559.0,208.0,412.0,265.0,266.0,316.0,249.0,247.0,208.0,286.0
task371,e9614598,102.0,102.0,159.0,109.0,159.0,109.0,159.0,,,125.0,111.0,135.0,129.0,,,,162.0,118.0,,142.0,159.0,,123.0,159.0,159.0,117.0,,159.0,159.0,,159.0,159.0,159.0,126.0,159.0,159.0,,148.0,115.0,159.0,109.0,142.0,127.0,142.0,159.0,124.0,109.0,109.0,118.0
task372,e98196ab,47.0,47.0,67.0,48.0,67.0,47.0,69.0,48.0,53.0,48.0,48.0,48.0,48.0,,,,63.0,48.0,66.0,63.0,69.0,52.0,47.0,69.0,69.0,48.0,,69.0,69.0,60.0,69.0,69.0,69.0,48.0,63.0,63.0,53.0,51.0,48.0,69.0,48.0,48.0,48.0,53.0,67.0,48.0,48.0,48.0,48.0
task373,e9afcf9a,38.0,38.0,73.0,38.0,73.0,38.0,56.0,40.0,47.0,39.0,39.0,43.0,39.0,,,,58.0,39.0,43.0,58.0,73.0,,39.0,73.0,73.0,38.0,,59.0,73.0,48.0,73.0,73.0,73.0,40.0,58.0,63.0,39.0,60.0,46.0,73.0,38.0,38.0,64.0,46.0,73.0,39.0,38.0,38.0,39.0
task374,ea32f347,103.0,103.0,312.0,107.0,272.0,106.0,273.0,,,116.0,140.0,132.0,108.0,,,,307.0,122.0,,,367.0,,,304.0,312.0,129.0,,296.0,272.0,,272.0,304.0,,280.0,134.0,272.0,,259.0,172.0,272.0,124.0,262.0,243.0,208.0,123.0,106.0,148.0,111.0,146.0
task375,ea786f4a,53.0,53.0,64.0,53.0,64.0,53.0,64.0,64.0,64.0,53.0,53.0,53.0,53.0,,,,66.0,53.0,88.0,91.0,64.0,53.0,53.0,64.0,64.0,53.0,,64.0,64.0,62.0,64.0,64.0,64.0,59.0,59.0,61.0,62.0,62.0,64.0,64.0,53.0,54.0,53.0,53.0,64.0,53.0,53.0,53.0,53.0
task376,eb281b96,30.0,30.0,33.0,30.0,33.0,30.0,30.0,33.0,33.0,30.0,30.0,32.0,30.0,,,,33.0,33.0,75.0,33.0,33.0,32.0,33.0,33.0,33.0,30.0,,33.0,33.0,33.0,33.0,33.0,33.0,30.0,30.0,33.0,30.0,33.0,33.0,33.0,30.0,33.0,30.0,30.0,33.0,30.0,30.0,30.0,33.0
task377,eb5a1d5d,55.0,55.0,73.0,55.0,68.0,55.0,248.0,,,59.0,68.0,68.0,55.0,,,,236.0,64.0,110.0,168.0,,145.0,55.0,,258.0,59.0,,253.0,159.0,,239.0,253.0,,117.0,68.0,188.0,65.0,73.0,65.0,73.0,60.0,68.0,68.0,73.0,73.0,59.0,60.0,60.0,64.0
task378,ec883f72,131.0,140.0,296.0,138.0,274.0,131.0,277.0,,,145.0,197.0,239.0,153.0,,,,295.0,164.0,,,371.0,,,296.0,296.0,141.0,,267.0,274.0,,274.0,296.0,347.0,246.0,207.0,277.0,,274.0,233.0,274.0,155.0,227.0,228.0,177.0,274.0,159.0,154.0,142.0,145.0
task379,ecdecbb3,135.0,137.0,407.0,141.0,369.0,135.0,398.0,,263.0,170.0,233.0,256.0,137.0,,,,322.0,170.0,,,,,155.0,,419.0,179.0,,336.0,369.0,,256.0,334.0,,319.0,266.0,282.0,,305.0,262.0,371.0,185.0,326.0,271.0,187.0,351.0,190.0,163.0,147.0,183.0
task380,ed36ccf7,27.0,27.0,27.0,27.0,27.0,27.0,27.0,27.0,27.0,27.0,27.0,27.0,27.0,,,,37.0,27.0,37.0,37.0,37.0,27.0,27.0,37.0,37.0,27.0,,37.0,27.0,27.0,27.0,27.0,37.0,27.0,27.0,27.0,27.0,27.0,27.0,27.0,27.0,27.0,27.0,27.0,27.0,27.0,27.0,27.0,27.0
task381,ef135b50,79.0,79.0,205.0,79.0,201.0,79.0,205.0,,,90.0,90.0,86.0,86.0,,,,214.0,91.0,,,205.0,92.0,89.0,205.0,205.0,89.0,,115.0,201.0,,201.0,115.0,205.0,103.0,99.0,120.0,,172.0,96.0,201.0,88.0,111.0,112.0,90.0,116.0,89.0,86.0,90.0,90.0
task382,f15e1fac,119.0,133.0,265.0,124.0,243.0,129.0,247.0,,,179.0,157.0,189.0,145.0,,,,238.0,175.0,,,,,,,334.0,142.0,,262.0,243.0,,243.0,354.0,,261.0,226.0,241.0,,243.0,232.0,243.0,167.0,239.0,231.0,138.0,243.0,146.0,138.0,152.0,196.0
task383,f1cefba8,120.0,123.0,396.0,121.0,406.0,120.0,480.0,,,129.0,151.0,159.0,133.0,,,,313.0,131.0,,,,,,,373.0,167.0,,372.0,431.0,,238.0,413.0,,250.0,228.0,380.0,,257.0,281.0,359.0,121.0,317.0,258.0,139.0,257.0,128.0,130.0,124.0,142.0
task384,f25fbde4,61.0,62.0,203.0,62.0,199.0,61.0,200.0,72.0,,68.0,68.0,87.0,64.0,,,,123.0,70.0,112.0,89.0,223.0,,66.0,217.0,217.0,65.0,,217.0,199.0,,199.0,166.0,89.0,89.0,79.0,200.0,,99.0,85.0,199.0,63.0,90.0,85.0,82.0,199.0,69.0,67.0,65.0,71.0
task385,f25ffba3,25.0,25.0,88.0,25.0,88.0,25.0,25.0,25.0,25.0,25.0,25.0,25.0,25.0,,,,25.0,26.0,,25.0,107.0,25.0,25.0,107.0,107.0,25.0,,45.0,107.0,25.0,25.0,42.0,107.0,25.0,25.0,67.0,25.0,28.0,25.0,107.0,25.0,25.0,25.0,26.0,107.0,25.0,25.0,25.0,25.0
task386,f2829549,50.0,50.0,141.0,52.0,141.0,50.0,56.0,57.0,56.0,52.0,52.0,57.0,52.0,,,,56.0,57.0,57.0,57.0,141.0,57.0,55.0,141.0,141.0,52.0,,88.0,123.0,57.0,58.0,85.0,141.0,57.0,56.0,58.0,54.0,65.0,57.0,141.0,52.0,57.0,57.0,58.0,59.0,53.0,52.0,50.0,53.0
task387,f35d900a,183.0,192.0,420.0,205.0,401.0,201.0,438.0,,,215.0,221.0,285.0,245.0,,,,409.0,244.0,,,,,225.0,,356.0,238.0,,356.0,401.0,,285.0,291.0,,283.0,282.0,307.0,,333.0,256.0,401.0,231.0,298.0,262.0,244.0,347.0,222.0,230.0,235.0,238.0
task388,f5b8619d,61.0,61.0,188.0,62.0,174.0,61.0,159.0,62.0,78.0,61.0,62.0,67.0,62.0,,,,70.0,63.0,81.0,78.0,190.0,67.0,62.0,189.0,189.0,62.0,,113.0,174.0,,174.0,97.0,190.0,62.0,70.0,83.0,,135.0,66.0,174.0,62.0,62.0,62.0,67.0,108.0,62.0,62.0,61.0,62.0
task389,f76d97a5,57.0,57.0,94.0,57.0,128.0,57.0,130.0,,64.0,57.0,57.0,63.0,61.0,,,,77.0,63.0,64.0,74.0,130.0,63.0,57.0,130.0,130.0,57.0,,83.0,128.0,69.0,128.0,63.0,130.0,58.0,62.0,88.0,,97.0,72.0,128.0,57.0,62.0,63.0,63.0,63.0,61.0,58.0,57.0,61.0
task390,f8a8fe49,98.0,98.0,361.0,100.0,374.0,98.0,420.0,,,107.0,119.0,108.0,101.0,,,,281.0,122.0,,181.0,,,126.0,,291.0,113.0,,301.0,291.0,,132.0,391.0,,265.0,129.0,187.0,,217.0,218.0,365.0,103.0,268.0,195.0,133.0,283.0,113.0,121.0,116.0,120.0
task391,f8b3ba0a,63.0,63.0,103.0,63.0,104.0,63.0,104.0,63.0,74.0,63.0,63.0,66.0,63.0,,,,75.0,63.0,,74.0,104.0,73.0,63.0,104.0,104.0,63.0,,104.0,104.0,72.0,66.0,73.0,104.0,64.0,66.0,70.0,,90.0,72.0,104.0,63.0,64.0,66.0,72.0,104.0,63.0,63.0,63.0,63.0
task392,f8c80d96,135.0,135.0,161.0,152.0,161.0,149.0,161.0,,,156.0,158.0,161.0,157.0,,,,162.0,156.0,,,,161.0,149.0,,328.0,158.0,161.0,161.0,161.0,161.0,161.0,358.0,,160.0,161.0,161.0,,161.0,156.0,161.0,174.0,161.0,159.0,161.0,161.0,158.0,152.0,156.0,155.0
task393,f8ff0b80,63.0,63.0,103.0,63.0,104.0,63.0,104.0,,76.0,63.0,63.0,63.0,63.0,,,,75.0,66.0,,74.0,104.0,63.0,63.0,104.0,104.0,63.0,,93.0,104.0,72.0,104.0,75.0,104.0,64.0,66.0,70.0,,85.0,75.0,104.0,63.0,66.0,63.0,72.0,72.0,63.0,63.0,63.0,63.0
task394,f9012d9b,85.0,91.0,301.0,85.0,362.0,85.0,378.0,,,95.0,94.0,95.0,95.0,,,,261.0,92.0,,,,102.0,92.0,,332.0,101.0,,255.0,336.0,,95.0,222.0,,133.0,156.0,240.0,,198.0,127.0,365.0,113.0,282.0,132.0,110.0,237.0,94.0,90.0,85.0,128.0
task395,fafffa47,53.0,53.0,69.0,53.0,98.0,53.0,69.0,,63.0,59.0,59.0,61.0,56.0,,,,67.0,61.0,,68.0,98.0,63.0,61.0,98.0,98.0,60.0,,68.0,98.0,,98.0,63.0,98.0,61.0,67.0,71.0,61.0,70.0,62.0,98.0,56.0,70.0,64.0,62.0,94.0,56.0,58.0,53.0,60.0
task396,fcb5c309,138.0,177.0,341.0,139.0,318.0,167.0,337.0,,,218.0,205.0,250.0,225.0,,,,344.0,228.0,,,552.0,,193.0,337.0,341.0,226.0,,337.0,318.0,,319.0,280.0,,290.0,281.0,337.0,,292.0,272.0,317.0,203.0,307.0,246.0,239.0,296.0,171.0,201.0,194.0,198.0
task397,fcc82909,110.0,117.0,226.0,113.0,212.0,110.0,213.0,,,132.0,130.0,177.0,142.0,,,,234.0,138.0,159.0,,225.0,,133.0,226.0,226.0,140.0,,202.0,212.0,,212.0,224.0,,151.0,152.0,182.0,,212.0,140.0,212.0,124.0,141.0,137.0,143.0,212.0,145.0,126.0,124.0,133.0
task398,feca6190,72.0,78.0,191.0,73.0,82.0,77.0,192.0,,83.0,79.0,79.0,81.0,80.0,,,,91.0,81.0,106.0,92.0,,83.0,81.0,,192.0,80.0,,130.0,118.0,,191.0,97.0,196.0,82.0,82.0,145.0,,117.0,81.0,191.0,72.0,81.0,83.0,80.0,191.0,81.0,73.0,72.0,80.0
task399,ff28f65a,62.0,63.0,174.0,63.0,178.0,62.0,169.0,66.0,71.0,64.0,64.0,67.0,63.0,,,,78.0,67.0,78.0,65.0,326.0,84.0,64.0,240.0,239.0,63.0,,168.0,178.0,168.0,178.0,150.0,,64.0,78.0,97.0,,139.0,65.0,178.0,64.0,68.0,64.0,68.0,172.0,66.0,64.0,64.0,64.0
task400,ff805c23,66.0,67.0,252.0,66.0,250.0,67.0,271.0,93.0,82.0,67.0,67.0,80.0,67.0,,,,82.0,81.0,,85.0,513.0,80.0,67.0,331.0,273.0,67.0,,265.0,206.0,,250.0,254.0,,79.0,82.0,236.0,,91.0,77.0,250.0,67.0,71.0,86.0,68.0,127.0,70.0,67.0,67.0,67.0
